transaction_id,customer_id,amount,transaction_date,transaction_type,beneficiary,location
TXN00001,100673,7043.53,9/21/2024,Credit,Paytm,Hyderabad
TXN00002,100673,6767.14,12/10/2024,Credit,Amazon,Delhi
TXN00003,100673,9734.76,5/17/2025,Credit,Zomato,Delhi
TXN00004,100673,8882.82,10/14/2024,Credit,Paytm,Jaipur
TXN00005,100673,7736.93,6/21/2024,Debit,Amazon,Mumbai
TXN00006,100673,7954.37,4/17/2025,Credit,Google Pay,Jaipur
TXN00007,100673,4784.83,2/11/2025,Debit,Amazon,Delhi
TXN00008,100673,9647.07,12/12/2024,Debit,Swiggy,Hyderabad
TXN00009,100673,852.75,9/16/2024,Debit,PhonePe,Hyderabad
TXN00010,100673,758.74,3/27/2025,Debit,PhonePe,Chennai
TXN00011,100428,6053.24,9/1/2024,Debit,PhonePe,Delhi
TXN00012,100428,4833.9,6/4/2024,Debit,Paytm,Jaipur
TXN00013,100428,4806.23,6/20/2024,Debit,Swiggy,Hyderabad
TXN00014,100428,844.13,10/18/2024,Credit,Google Pay,Hyderabad
TXN00015,100428,946.01,2/20/2025,Credit,Flipkart,Mumbai
TXN00016,100428,4689,10/20/2024,Credit,Flipkart,Mumbai
TXN00017,100038,6257.59,11/20/2024,Debit,IRCTC,Delhi
TXN00018,100038,3927.55,1/19/2025,Debit,Swiggy,Bangalore
TXN00019,100038,5698.55,11/17/2024,Credit,Google Pay,Delhi
TXN00020,100038,2582.64,1/23/2025,Credit,PhonePe,Jaipur
TXN00021,100038,538.7,8/22/2024,Debit,Swiggy,Mumbai
TXN00022,100038,2259.95,10/24/2024,Debit,Amazon,Pune
TXN00023,100067,6228.26,10/12/2024,Debit,Amazon,Bangalore
TXN00024,100067,2583.83,2/7/2025,Debit,Swiggy,Hyderabad
TXN00025,100067,9585.62,5/8/2025,Debit,IRCTC,Mumbai
TXN00026,100067,8660.11,11/7/2024,Debit,Amazon,Chennai
TXN00027,100378,1332.76,3/19/2025,Debit,Google Pay,Kolkata
TXN00028,100378,7762.54,3/9/2025,Debit,Paytm,Hyderabad
TXN00029,100378,8233.74,4/28/2025,Debit,Amazon,Bangalore
TXN00030,100378,8058.73,3/29/2025,Debit,Flipkart,Pune
TXN00031,100378,8757.71,3/20/2025,Debit,Flipkart,Bangalore
TXN00032,100378,1726.29,9/8/2024,Debit,Google Pay,Bangalore
TXN00033,100378,2452.83,1/17/2025,Debit,IRCTC,Mumbai
TXN00034,100378,7317.12,7/1/2024,Credit,Paytm,Kolkata
TXN00035,100378,7305.85,1/13/2025,Credit,Google Pay,Kolkata
TXN00036,100378,5275.63,11/30/2024,Credit,Zomato,Bangalore
TXN00037,100385,5286.05,12/3/2024,Debit,Google Pay,Delhi
TXN00038,100385,4460.81,7/31/2024,Debit,IRCTC,Mumbai
TXN00039,100385,2462.34,12/3/2024,Credit,IRCTC,Kolkata
TXN00040,100385,783.86,9/18/2024,Debit,Amazon,Chennai
TXN00041,100385,3201.37,6/30/2024,Debit,Paytm,Pune
TXN00042,100385,5038.08,5/2/2025,Debit,Paytm,Mumbai
TXN00043,100230,3744.69,6/1/2024,Debit,Swiggy,Jaipur
TXN00044,100230,961.97,10/24/2024,Credit,Google Pay,Mumbai
TXN00045,100230,2933.01,10/21/2024,Debit,Amazon,Jaipur
TXN00046,100230,3417.85,2/27/2025,Credit,IRCTC,Jaipur
TXN00047,100230,5710.94,3/7/2025,Debit,PhonePe,Bangalore
TXN00048,100230,6367.03,2/3/2025,Debit,Google Pay,Mumbai
TXN00049,100230,4850.24,2/22/2025,Credit,Zomato,Delhi
TXN00050,100230,689.63,1/6/2025,Credit,Paytm,Pune
TXN00051,100230,936.98,8/11/2024,Debit,Paytm,Kolkata
TXN00052,100230,6402.44,11/8/2024,Credit,Swiggy,Mumbai
TXN00053,100902,2778.12,10/23/2024,Debit,PhonePe,Jaipur
TXN00054,100902,356.08,9/2/2024,Debit,Google Pay,Kolkata
TXN00055,100902,1776.86,9/14/2024,Debit,PhonePe,Kolkata
TXN00056,100902,8239.48,5/10/2025,Debit,Zomato,Delhi
TXN00057,100902,5033.34,8/14/2024,Credit,Swiggy,Pune
TXN00058,100902,2753.87,1/18/2025,Debit,Google Pay,Mumbai
TXN00059,100902,6748.4,3/13/2025,Debit,Flipkart,Delhi
TXN00060,100495,6731.49,5/31/2024,Debit,IRCTC,Delhi
TXN00061,100495,1136.98,5/22/2024,Debit,Zomato,Delhi
TXN00062,100495,2535.95,4/28/2025,Credit,Paytm,Kolkata
TXN00063,100495,8981.18,7/26/2024,Credit,Paytm,Kolkata
TXN00064,100495,2102.26,5/29/2024,Credit,IRCTC,Pune
TXN00065,100495,2865.04,3/6/2025,Debit,PhonePe,Delhi
TXN00066,100495,2058.18,9/20/2024,Credit,IRCTC,Jaipur
TXN00067,100495,8181.97,6/21/2024,Debit,Flipkart,Chennai
TXN00068,100495,6235.92,11/5/2024,Debit,Zomato,Pune
TXN00069,100842,8077.34,10/2/2024,Credit,Flipkart,Chennai
TXN00070,100842,8740.09,10/20/2024,Debit,Zomato,Delhi
TXN00071,100842,6079.95,5/24/2024,Debit,Paytm,Delhi
TXN00072,100842,3784.52,3/7/2025,Credit,Flipkart,Kolkata
TXN00073,100842,318.07,5/21/2024,Debit,PhonePe,Hyderabad
TXN00074,100842,6256.06,7/11/2024,Credit,Paytm,Hyderabad
TXN00075,100842,1159.36,8/16/2024,Debit,Google Pay,Bangalore
TXN00076,100842,4691.41,3/2/2025,Credit,IRCTC,Jaipur
TXN00077,100562,5431.83,11/26/2024,Credit,Paytm,Bangalore
TXN00078,100562,7834.31,4/5/2025,Debit,Amazon,Chennai
TXN00079,100562,7162.19,8/23/2024,Credit,Zomato,Hyderabad
TXN00080,100562,8132.87,5/10/2025,Debit,Zomato,Bangalore
TXN00081,100562,968.77,7/6/2024,Credit,Flipkart,Bangalore
TXN00082,100562,5508.12,2/13/2025,Debit,PhonePe,Bangalore
TXN00083,100562,4983.97,1/26/2025,Debit,Zomato,Pune
TXN00084,100562,3540.91,9/16/2024,Credit,Google Pay,Bangalore
TXN00085,100603,3299.35,12/18/2024,Credit,Amazon,Kolkata
TXN00086,100603,9798.79,5/8/2025,Credit,IRCTC,Pune
TXN00087,100603,2787.79,11/26/2024,Credit,Flipkart,Pune
TXN00088,100603,7349.57,11/7/2024,Credit,Swiggy,Kolkata
TXN00089,100603,3864.22,12/10/2024,Credit,PhonePe,Jaipur
TXN00090,100254,4009.8,1/10/2025,Credit,Swiggy,Delhi
TXN00091,100254,7480.57,3/11/2025,Debit,Paytm,Pune
TXN00092,100254,5009.15,9/2/2024,Credit,Amazon,Mumbai
TXN00093,100254,4923.38,6/24/2024,Debit,PhonePe,Kolkata
TXN00094,100254,9214.35,7/11/2024,Credit,Flipkart,Mumbai
TXN00095,100331,518.44,5/22/2024,Credit,Paytm,Chennai
TXN00096,100331,1041.43,2/14/2025,Debit,Google Pay,Jaipur
TXN00097,100331,3908.38,8/23/2024,Debit,Zomato,Chennai
TXN00098,100331,521.23,8/24/2024,Debit,IRCTC,Chennai
TXN00099,100331,5833.72,10/30/2024,Debit,Swiggy,Pune
TXN00100,100331,6428.44,7/23/2024,Debit,Flipkart,Pune
TXN00101,100331,875,9/18/2024,Credit,Amazon,Hyderabad
TXN00102,100331,8431.08,12/25/2024,Debit,Flipkart,Jaipur
TXN00103,100331,9837.21,9/9/2024,Debit,Google Pay,Delhi
TXN00104,100331,433.82,4/17/2025,Debit,Flipkart,Kolkata
TXN00105,101004,3688.47,6/2/2024,Debit,PhonePe,Jaipur
TXN00106,101004,2908.01,5/20/2024,Debit,Flipkart,Chennai
TXN00107,101004,1045.78,10/11/2024,Credit,Swiggy,Delhi
TXN00108,101004,5994.49,7/20/2024,Debit,Google Pay,Chennai
TXN00109,101004,7747.88,12/7/2024,Debit,Amazon,Mumbai
TXN00110,101004,5798.68,9/23/2024,Credit,IRCTC,Mumbai
TXN00111,101004,1118.87,11/12/2024,Debit,IRCTC,Kolkata
TXN00112,101004,3353,7/28/2024,Credit,IRCTC,Jaipur
TXN00113,101004,222.5,2/16/2025,Debit,Google Pay,Hyderabad
TXN00114,100465,7738.71,12/13/2024,Credit,Paytm,Jaipur
TXN00115,100465,6349.28,11/14/2024,Debit,IRCTC,Jaipur
TXN00116,100465,8919.59,4/5/2025,Debit,Paytm,Bangalore
TXN00117,100465,5535.49,5/30/2024,Credit,Zomato,Delhi
TXN00118,100086,7300.41,4/22/2025,Debit,Google Pay,Jaipur
TXN00119,100086,534.1,8/18/2024,Debit,Flipkart,Mumbai
TXN00120,100086,6041.31,11/16/2024,Debit,Google Pay,Chennai
TXN00121,100086,8861.84,5/24/2024,Debit,Paytm,Delhi
TXN00122,100086,9766.33,5/16/2025,Credit,Amazon,Chennai
TXN00123,100086,8165.86,2/14/2025,Credit,Amazon,Hyderabad
TXN00124,100086,2487.46,1/11/2025,Credit,Paytm,Delhi
TXN00125,100086,612.64,6/4/2024,Credit,Swiggy,Bangalore
TXN00126,100086,7266.54,2/19/2025,Credit,Swiggy,Chennai
TXN00127,100086,4053.93,1/25/2025,Credit,Zomato,Kolkata
TXN00128,100654,6145.68,4/28/2025,Credit,Swiggy,Pune
TXN00129,100654,6779.96,9/27/2024,Debit,IRCTC,Bangalore
TXN00130,100654,4733.34,6/12/2024,Credit,Google Pay,Chennai
TXN00131,100654,2181.2,8/24/2024,Credit,Swiggy,Bangalore
TXN00132,100654,1240.2,6/7/2024,Credit,Zomato,Bangalore
TXN00133,100654,906.15,12/19/2024,Credit,IRCTC,Chennai
TXN00134,100654,5448,5/9/2025,Debit,IRCTC,Delhi
TXN00135,100654,7800.76,6/10/2024,Credit,PhonePe,Kolkata
TXN00136,100654,1184.62,2/28/2025,Credit,Zomato,Mumbai
TXN00137,100523,980.15,1/24/2025,Debit,Swiggy,Bangalore
TXN00138,100523,3236.89,8/29/2024,Debit,PhonePe,Bangalore
TXN00139,100523,6034.58,11/4/2024,Debit,PhonePe,Delhi
TXN00140,100523,5659.14,1/14/2025,Debit,Paytm,Mumbai
TXN00141,100523,7445.24,12/16/2024,Credit,Paytm,Chennai
TXN00142,100523,9610.83,4/20/2025,Credit,Flipkart,Mumbai
TXN00143,100379,4563.22,10/10/2024,Credit,Paytm,Chennai
TXN00144,100379,7170.46,2/25/2025,Credit,Google Pay,Mumbai
TXN00145,100379,6126.9,4/5/2025,Credit,Paytm,Pune
TXN00146,100379,3628.23,6/6/2024,Debit,IRCTC,Bangalore
TXN00147,100981,2014.37,1/28/2025,Debit,IRCTC,Kolkata
TXN00148,100981,1405.99,10/30/2024,Debit,Paytm,Jaipur
TXN00149,100981,5353.28,10/29/2024,Debit,Swiggy,Bangalore
TXN00150,100981,712.61,6/21/2024,Credit,Zomato,Hyderabad
TXN00151,100981,6020.39,9/7/2024,Debit,Zomato,Delhi
TXN00152,100981,7242.43,8/18/2024,Credit,PhonePe,Jaipur
TXN00153,100981,5382.73,7/9/2024,Credit,Flipkart,Kolkata
TXN00154,100461,2950.01,10/15/2024,Credit,Amazon,Kolkata
TXN00155,100461,6115.39,9/30/2024,Credit,IRCTC,Bangalore
TXN00156,100461,9189.52,9/27/2024,Credit,Swiggy,Pune
TXN00157,100461,8891.5,6/16/2024,Credit,IRCTC,Hyderabad
TXN00158,100461,4682.68,11/24/2024,Credit,Swiggy,Delhi
TXN00159,100461,5145.95,9/8/2024,Credit,Swiggy,Hyderabad
TXN00160,100461,3817.28,11/20/2024,Credit,IRCTC,Jaipur
TXN00161,100461,670.55,6/6/2024,Debit,Amazon,Delhi
TXN00162,100461,9382.42,4/13/2025,Debit,Zomato,Jaipur
TXN00163,100461,1614.84,10/13/2024,Debit,Swiggy,Jaipur
TXN00164,100934,1847.62,4/2/2025,Credit,Flipkart,Kolkata
TXN00165,100934,4575.5,5/15/2025,Credit,Swiggy,Delhi
TXN00166,100934,1078.79,6/4/2024,Debit,Paytm,Kolkata
TXN00167,100934,8497.18,8/8/2024,Credit,Zomato,Mumbai
TXN00168,100934,4450.08,1/13/2025,Credit,Google Pay,Delhi
TXN00169,100934,618.8,7/14/2024,Debit,Amazon,Bangalore
TXN00170,100934,1194.49,9/4/2024,Credit,Paytm,Kolkata
TXN00171,100934,9853.32,7/13/2024,Debit,Flipkart,Hyderabad
TXN00172,100934,7110.79,2/5/2025,Credit,Swiggy,Pune
TXN00173,100934,2920.11,3/11/2025,Debit,IRCTC,Mumbai
TXN00174,100057,3511.13,3/7/2025,Debit,Amazon,Kolkata
TXN00175,100057,8637.95,5/28/2024,Debit,Google Pay,Kolkata
TXN00176,100057,774.46,4/4/2025,Debit,IRCTC,Kolkata
TXN00177,100057,2933.2,12/21/2024,Debit,Google Pay,Delhi
TXN00178,100057,4663.84,4/20/2025,Debit,Paytm,Chennai
TXN00179,100692,7606.69,1/13/2025,Credit,Zomato,Jaipur
TXN00180,100692,208.08,3/4/2025,Credit,Google Pay,Pune
TXN00181,100692,2874.87,11/18/2024,Debit,Paytm,Pune
TXN00182,100692,730.68,1/1/2025,Debit,Google Pay,Delhi
TXN00183,100692,8305.78,8/1/2024,Credit,PhonePe,Delhi
TXN00184,100892,9717.78,9/3/2024,Credit,Flipkart,Pune
TXN00185,100892,7630.22,7/2/2024,Debit,PhonePe,Delhi
TXN00186,100892,7230.37,11/21/2024,Debit,Flipkart,Mumbai
TXN00187,100306,1289.88,3/30/2025,Debit,Flipkart,Kolkata
TXN00188,100306,5548.34,2/6/2025,Debit,Paytm,Kolkata
TXN00189,100306,1759.91,6/13/2024,Debit,Google Pay,Pune
TXN00190,100306,152.93,4/22/2025,Credit,PhonePe,Pune
TXN00191,100306,5153.51,1/8/2025,Credit,PhonePe,Jaipur
TXN00192,100306,893.99,12/25/2024,Debit,Google Pay,Mumbai
TXN00193,100306,8290.9,6/19/2024,Debit,Zomato,Bangalore
TXN00194,100152,7680.25,8/16/2024,Debit,PhonePe,Jaipur
TXN00195,100152,406.41,10/19/2024,Credit,Google Pay,Bangalore
TXN00196,100152,4185.76,6/16/2024,Debit,PhonePe,Bangalore
TXN00197,100405,3189.2,5/31/2024,Credit,Paytm,Hyderabad
TXN00198,100405,9476.66,7/5/2024,Debit,Swiggy,Jaipur
TXN00199,100405,2546.23,6/18/2024,Credit,PhonePe,Chennai
TXN00200,100405,8886.7,3/24/2025,Debit,Amazon,Chennai
TXN00201,100405,5551.49,9/21/2024,Credit,Zomato,Kolkata
TXN00202,100405,8905.41,2/28/2025,Credit,Amazon,Jaipur
TXN00203,101001,7008.59,10/15/2024,Credit,Swiggy,Mumbai
TXN00204,101001,9181.12,12/31/2024,Credit,Swiggy,Hyderabad
TXN00205,101001,2222.03,2/23/2025,Credit,Google Pay,Kolkata
TXN00206,101001,639.17,9/2/2024,Debit,Amazon,Mumbai
TXN00207,101001,9471.43,1/3/2025,Credit,Flipkart,Jaipur
TXN00208,101001,149.96,8/19/2024,Debit,Amazon,Chennai
TXN00209,101001,9362.83,9/24/2024,Debit,PhonePe,Jaipur
TXN00210,101001,3052.49,1/18/2025,Debit,Swiggy,Pune
TXN00211,101001,7385.2,5/21/2024,Debit,Paytm,Mumbai
TXN00212,100841,9922.52,8/17/2024,Debit,Amazon,Jaipur
TXN00213,100841,6690.91,5/22/2024,Credit,Swiggy,Kolkata
TXN00214,100841,6509.67,6/19/2024,Debit,Google Pay,Kolkata
TXN00215,100841,4388.7,6/22/2024,Credit,Google Pay,Pune
TXN00216,100120,9508.35,12/12/2024,Credit,PhonePe,Chennai
TXN00217,100120,3612.18,3/28/2025,Debit,PhonePe,Chennai
TXN00218,100120,1784.43,1/16/2025,Debit,Paytm,Delhi
TXN00219,100120,6403.05,10/14/2024,Debit,Flipkart,Kolkata
TXN00220,100120,4439.68,7/14/2024,Credit,Swiggy,Mumbai
TXN00221,100120,5635.31,2/1/2025,Credit,Zomato,Mumbai
TXN00222,100785,4231.13,9/4/2024,Credit,Paytm,Mumbai
TXN00223,100785,4515.62,12/17/2024,Credit,Zomato,Delhi
TXN00224,100785,5800.89,4/29/2025,Credit,Google Pay,Jaipur
TXN00225,100455,184.72,7/29/2024,Credit,Flipkart,Bangalore
TXN00226,100455,9774.35,4/15/2025,Credit,IRCTC,Jaipur
TXN00227,100088,9465.57,12/11/2024,Debit,Amazon,Hyderabad
TXN00228,100088,4984.74,6/16/2024,Credit,Swiggy,Pune
TXN00229,100088,5999.6,10/6/2024,Debit,Flipkart,Hyderabad
TXN00230,100088,4485.1,4/23/2025,Credit,IRCTC,Jaipur
TXN00231,100088,672.21,5/9/2025,Credit,Paytm,Kolkata
TXN00232,100088,3054.44,11/4/2024,Debit,Flipkart,Jaipur
TXN00233,100088,379.45,5/21/2024,Credit,Paytm,Chennai
TXN00234,100088,8395.19,12/28/2024,Credit,IRCTC,Chennai
TXN00235,100088,8821.92,9/28/2024,Debit,IRCTC,Hyderabad
TXN00236,100342,7847.45,8/11/2024,Credit,Zomato,Jaipur
TXN00237,100342,3322.44,6/23/2024,Credit,Swiggy,Chennai
TXN00238,100342,2666.29,12/24/2024,Credit,Amazon,Bangalore
TXN00239,100342,4669.68,5/24/2024,Credit,IRCTC,Hyderabad
TXN00240,100342,9990.47,5/18/2025,Debit,Amazon,Bangalore
TXN00241,100342,5183.59,1/13/2025,Debit,Flipkart,Hyderabad
TXN00242,100342,3719.77,7/23/2024,Credit,Amazon,Jaipur
TXN00243,100342,5546.2,5/11/2025,Debit,Paytm,Delhi
TXN00244,100564,4242.78,10/3/2024,Debit,IRCTC,Chennai
TXN00245,100564,4655.05,12/25/2024,Credit,Paytm,Kolkata
TXN00246,100564,9699,3/2/2025,Debit,Paytm,Mumbai
TXN00247,100564,6478.09,1/17/2025,Credit,PhonePe,Pune
TXN00248,100564,9303.56,1/22/2025,Debit,Google Pay,Hyderabad
TXN00249,100564,9564.28,11/29/2024,Credit,Paytm,Kolkata
TXN00250,100564,7518,5/17/2025,Credit,Google Pay,Delhi
TXN00251,100133,6938.51,6/2/2024,Debit,Flipkart,Hyderabad
TXN00252,100133,4487.22,9/2/2024,Credit,Amazon,Pune
TXN00253,100600,4349.1,4/15/2025,Debit,PhonePe,Chennai
TXN00254,100600,9410.54,12/5/2024,Debit,PhonePe,Jaipur
TXN00255,100600,7410,4/18/2025,Debit,Paytm,Hyderabad
TXN00256,100600,1857.43,12/29/2024,Credit,Flipkart,Hyderabad
TXN00257,100600,3148.99,9/18/2024,Credit,PhonePe,Pune
TXN00258,100600,6139.61,7/5/2024,Debit,IRCTC,Delhi
TXN00259,100304,9518.29,1/5/2025,Credit,PhonePe,Hyderabad
TXN00260,100304,344.51,1/31/2025,Debit,Google Pay,Mumbai
TXN00261,100957,7797.32,5/5/2025,Credit,PhonePe,Mumbai
TXN00262,100957,885.35,6/3/2024,Credit,Paytm,Delhi
TXN00263,100957,5654.3,3/16/2025,Debit,Google Pay,Kolkata
TXN00264,100957,2751.58,11/30/2024,Credit,Paytm,Chennai
TXN00265,100957,9365.59,7/8/2024,Credit,Swiggy,Mumbai
TXN00266,100957,3502.52,7/21/2024,Debit,Zomato,Hyderabad
TXN00267,100957,6012.81,12/18/2024,Credit,IRCTC,Jaipur
TXN00268,100957,4464.59,7/6/2024,Debit,Google Pay,Mumbai
TXN00269,100957,5847.44,1/14/2025,Debit,IRCTC,Delhi
TXN00270,100957,2401.34,11/4/2024,Debit,Flipkart,Chennai
TXN00271,100770,2639.39,12/20/2024,Credit,Flipkart,Bangalore
TXN00272,100770,5063.12,5/4/2025,Debit,Google Pay,Kolkata
TXN00273,100770,6969.53,7/4/2024,Debit,Amazon,Delhi
TXN00274,100770,2259.07,9/3/2024,Credit,Zomato,Chennai
TXN00275,100770,8597.53,5/26/2024,Credit,Zomato,Delhi
TXN00276,100141,769.7,8/7/2024,Credit,IRCTC,Kolkata
TXN00277,100141,6309.03,9/2/2024,Credit,Paytm,Chennai
TXN00278,100141,2662.8,12/18/2024,Debit,IRCTC,Chennai
TXN00279,100141,621.56,8/6/2024,Credit,Amazon,Mumbai
TXN00280,100141,7456.3,7/4/2024,Debit,IRCTC,Delhi
TXN00281,100141,2309.96,9/26/2024,Credit,Zomato,Bangalore
TXN00282,100141,5801.76,6/15/2024,Credit,PhonePe,Pune
TXN00283,100141,4737.11,3/11/2025,Credit,IRCTC,Mumbai
TXN00284,100141,6452.7,8/2/2024,Credit,Amazon,Jaipur
TXN00285,100285,2442.06,1/15/2025,Debit,PhonePe,Bangalore
TXN00286,100285,1149.8,6/9/2024,Credit,Amazon,Hyderabad
TXN00287,100285,326.35,1/11/2025,Credit,Google Pay,Delhi
TXN00288,100285,5296.19,6/1/2024,Credit,Flipkart,Pune
TXN00289,100285,7240.37,7/23/2024,Credit,Zomato,Bangalore
TXN00290,100285,1899.5,2/20/2025,Debit,IRCTC,Bangalore
TXN00291,100285,2589.15,5/2/2025,Debit,Swiggy,Hyderabad
TXN00292,100459,8941.88,12/15/2024,Debit,Paytm,Delhi
TXN00293,100459,2343.7,10/15/2024,Debit,Swiggy,Chennai
TXN00294,100337,3207.12,8/28/2024,Debit,Amazon,Hyderabad
TXN00295,100337,2501.1,12/4/2024,Credit,Google Pay,Hyderabad
TXN00296,100337,1318.12,5/21/2024,Debit,Google Pay,Bangalore
TXN00297,100337,2688.47,11/2/2024,Debit,Zomato,Mumbai
TXN00298,100337,4184.84,9/20/2024,Debit,Amazon,Bangalore
TXN00299,100337,6977.01,5/19/2024,Credit,IRCTC,Chennai
TXN00300,100337,9545.53,10/27/2024,Debit,IRCTC,Delhi
TXN00301,100337,4112.75,12/22/2024,Debit,Google Pay,Bangalore
TXN00302,100789,3609.42,4/8/2025,Debit,Amazon,Chennai
TXN00303,100789,3337.49,3/1/2025,Credit,Paytm,Chennai
TXN00304,100789,8704.48,3/25/2025,Credit,Zomato,Jaipur
TXN00305,100529,856.86,4/2/2025,Debit,Zomato,Delhi
TXN00306,100529,321.34,1/13/2025,Debit,Flipkart,Jaipur
TXN00307,100529,4763.06,2/13/2025,Credit,Flipkart,Hyderabad
TXN00308,100529,6008.05,10/3/2024,Credit,Swiggy,Bangalore
TXN00309,100529,2032.91,7/30/2024,Credit,IRCTC,Bangalore
TXN00310,100687,8783.31,2/25/2025,Debit,Flipkart,Kolkata
TXN00311,100687,735.9,5/13/2025,Credit,PhonePe,Hyderabad
TXN00312,100687,6447.22,5/25/2024,Credit,Swiggy,Pune
TXN00313,100687,7706.9,8/23/2024,Debit,Flipkart,Hyderabad
TXN00314,100687,1790.79,1/3/2025,Credit,Google Pay,Mumbai
TXN00315,100687,2516.26,6/6/2024,Debit,Amazon,Chennai
TXN00316,100687,7578.77,12/15/2024,Debit,PhonePe,Chennai
TXN00317,100687,9380.9,3/12/2025,Credit,Paytm,Bangalore
TXN00318,100687,5189.58,12/15/2024,Credit,Zomato,Kolkata
TXN00319,100532,9198.71,3/20/2025,Debit,Flipkart,Mumbai
TXN00320,100532,9541.98,7/25/2024,Debit,PhonePe,Bangalore
TXN00321,100532,6246.82,4/8/2025,Credit,Paytm,Hyderabad
TXN00322,100532,3636.3,3/16/2025,Credit,Amazon,Delhi
TXN00323,100532,1759.28,10/26/2024,Credit,Zomato,Jaipur
TXN00324,100532,4278.53,10/19/2024,Debit,PhonePe,Bangalore
TXN00325,100532,6096.25,11/5/2024,Debit,PhonePe,Delhi
TXN00326,100532,9076.59,5/5/2025,Credit,Google Pay,Hyderabad
TXN00327,100532,4739.81,12/16/2024,Debit,Zomato,Kolkata
TXN00328,100532,1169.87,4/9/2025,Debit,IRCTC,Jaipur
TXN00329,100389,8952.78,7/22/2024,Debit,IRCTC,Mumbai
TXN00330,100389,5728.91,8/5/2024,Credit,Paytm,Chennai
TXN00331,100389,2035.08,3/12/2025,Debit,IRCTC,Delhi
TXN00332,100389,5119.25,8/17/2024,Credit,PhonePe,Kolkata
TXN00333,100568,7063.63,3/3/2025,Credit,Paytm,Chennai
TXN00334,100568,4441.57,1/29/2025,Debit,Flipkart,Delhi
TXN00335,100568,4375,3/25/2025,Debit,Flipkart,Bangalore
TXN00336,100568,6194.76,11/24/2024,Debit,Zomato,Jaipur
TXN00337,100568,2671.44,5/5/2025,Credit,Amazon,Kolkata
TXN00338,100568,4320.47,3/25/2025,Credit,IRCTC,Jaipur
TXN00339,100568,5762.81,3/21/2025,Debit,Amazon,Delhi
TXN00340,100568,6590.37,11/13/2024,Credit,IRCTC,Kolkata
TXN00341,100568,6747.14,2/2/2025,Credit,Flipkart,Pune
TXN00342,100277,2906.06,10/12/2024,Debit,Zomato,Kolkata
TXN00343,100277,572.91,10/11/2024,Debit,PhonePe,Kolkata
TXN00344,100171,574.86,9/13/2024,Credit,Paytm,Kolkata
TXN00345,100171,4918.91,12/26/2024,Credit,Amazon,Bangalore
TXN00346,100171,8060.42,7/3/2024,Debit,Swiggy,Mumbai
TXN00347,100171,7376.6,4/6/2025,Debit,Flipkart,Kolkata
TXN00348,100171,5692.82,11/11/2024,Debit,Zomato,Delhi
TXN00349,100171,9448.55,5/2/2025,Credit,Swiggy,Bangalore
TXN00350,100171,7041.77,5/3/2025,Debit,Flipkart,Chennai
TXN00351,100171,4165.52,3/17/2025,Debit,Paytm,Chennai
TXN00352,100171,6761.18,4/20/2025,Debit,Amazon,Pune
TXN00353,100171,3310.87,3/15/2025,Debit,IRCTC,Delhi
TXN00354,100090,5641.5,2/22/2025,Credit,Google Pay,Kolkata
TXN00355,100090,2476.53,5/18/2025,Debit,PhonePe,Chennai
TXN00356,100090,2518.72,7/31/2024,Debit,Swiggy,Hyderabad
TXN00357,100090,4681.47,1/1/2025,Credit,Google Pay,Bangalore
TXN00358,100090,7164.82,7/26/2024,Credit,Swiggy,Mumbai
TXN00359,100090,3973.41,9/6/2024,Debit,Swiggy,Chennai
TXN00360,100090,1144.16,8/10/2024,Debit,IRCTC,Bangalore
TXN00361,100926,6190.09,3/12/2025,Debit,IRCTC,Pune
TXN00362,100926,4430.22,8/9/2024,Credit,Amazon,Hyderabad
TXN00363,100926,6085.06,8/13/2024,Credit,Google Pay,Chennai
TXN00364,100926,393.77,8/11/2024,Debit,Amazon,Kolkata
TXN00365,100926,4585.96,12/18/2024,Credit,Flipkart,Delhi
TXN00366,100926,8361.36,12/18/2024,Debit,Paytm,Mumbai
TXN00367,100699,9145.11,6/16/2024,Credit,Flipkart,Delhi
TXN00368,100699,8635.83,12/16/2024,Credit,IRCTC,Delhi
TXN00369,100341,706.14,12/18/2024,Debit,IRCTC,Mumbai
TXN00370,100341,8555.65,6/7/2024,Credit,Amazon,Chennai
TXN00371,100341,8839.53,7/7/2024,Debit,IRCTC,Jaipur
TXN00372,100341,6115.47,6/8/2024,Debit,Swiggy,Jaipur
TXN00373,100341,5055.1,10/3/2024,Credit,Swiggy,Hyderabad
TXN00374,100341,7763.92,6/6/2024,Debit,Swiggy,Hyderabad
TXN00375,100341,4909.9,7/4/2024,Credit,Google Pay,Chennai
TXN00376,100341,5733.46,7/13/2024,Credit,Flipkart,Chennai
TXN00377,100546,497.56,3/25/2025,Credit,IRCTC,Hyderabad
TXN00378,100546,454.78,7/15/2024,Debit,Swiggy,Bangalore
TXN00379,100623,5051.32,4/12/2025,Credit,Amazon,Delhi
TXN00380,100623,2010.82,9/12/2024,Credit,Zomato,Bangalore
TXN00381,100623,8396.32,11/26/2024,Debit,PhonePe,Delhi
TXN00382,100623,976.94,9/24/2024,Debit,Flipkart,Chennai
TXN00383,100623,1684.24,9/2/2024,Credit,Zomato,Jaipur
TXN00384,100623,1446.88,1/20/2025,Credit,Flipkart,Hyderabad
TXN00385,100623,8994.25,10/27/2024,Credit,Paytm,Kolkata
TXN00386,100929,4303.85,4/17/2025,Credit,Zomato,Chennai
TXN00387,100929,1017.74,3/19/2025,Debit,Zomato,Delhi
TXN00388,100929,8300.33,5/5/2025,Credit,IRCTC,Pune
TXN00389,100929,1979.38,6/26/2024,Debit,IRCTC,Mumbai
TXN00390,100929,9630.26,9/13/2024,Credit,Zomato,Chennai
TXN00391,100175,6619.24,7/25/2024,Credit,Paytm,Hyderabad
TXN00392,100175,4137.31,4/25/2025,Debit,Swiggy,Kolkata
TXN00393,100175,1934.42,1/5/2025,Debit,Google Pay,Pune
TXN00394,101019,3064.98,9/7/2024,Credit,Paytm,Chennai
TXN00395,101019,1570.14,11/11/2024,Credit,Zomato,Pune
TXN00396,101019,3474.37,11/14/2024,Credit,PhonePe,Jaipur
TXN00397,101019,1121.2,1/5/2025,Debit,Swiggy,Kolkata
TXN00398,100558,2913.84,10/7/2024,Debit,Zomato,Delhi
TXN00399,100558,1398.38,11/25/2024,Credit,Google Pay,Delhi
TXN00400,100558,708.59,4/18/2025,Credit,Google Pay,Pune
TXN00401,100601,236.51,2/10/2025,Debit,Swiggy,Delhi
TXN00402,100601,4773.63,10/12/2024,Debit,Zomato,Jaipur
TXN00403,100601,3921.74,5/24/2024,Credit,IRCTC,Pune
TXN00404,100348,1709.76,3/11/2025,Credit,PhonePe,Pune
TXN00405,100348,6908.7,7/4/2024,Debit,Paytm,Jaipur
TXN00406,100348,2061.5,11/4/2024,Credit,Swiggy,Mumbai
TXN00407,100348,9659.65,2/25/2025,Debit,Paytm,Delhi
TXN00408,100348,9977.18,8/24/2024,Debit,PhonePe,Pune
TXN00409,100348,2792.55,11/2/2024,Credit,Swiggy,Delhi
TXN00410,100348,4861.43,8/29/2024,Credit,Google Pay,Mumbai
TXN00411,100348,870.71,4/9/2025,Debit,Zomato,Kolkata
TXN00412,100348,6318.28,10/14/2024,Debit,Zomato,Bangalore
TXN00413,101002,8065.6,4/21/2025,Debit,Paytm,Bangalore
TXN00414,101002,6466.97,8/25/2024,Credit,Zomato,Hyderabad
TXN00415,101002,5535.7,5/29/2024,Credit,IRCTC,Chennai
TXN00416,101002,4411.38,12/11/2024,Debit,IRCTC,Pune
TXN00417,101002,1139.58,5/20/2024,Credit,Paytm,Mumbai
TXN00418,101002,1491.64,11/4/2024,Debit,IRCTC,Mumbai
TXN00419,101002,6420.59,8/26/2024,Debit,Zomato,Mumbai
TXN00420,101002,5272.74,2/7/2025,Credit,Google Pay,Kolkata
TXN00421,100393,3420.16,9/19/2024,Debit,PhonePe,Delhi
TXN00422,100393,982.03,9/6/2024,Debit,Flipkart,Bangalore
TXN00423,100393,8793.4,12/6/2024,Debit,Flipkart,Kolkata
TXN00424,100393,6787.39,12/14/2024,Debit,PhonePe,Chennai
TXN00425,100393,8981.71,4/30/2025,Credit,PhonePe,Bangalore
TXN00426,100393,1906.15,2/18/2025,Credit,Paytm,Chennai
TXN00427,100393,1088.18,12/2/2024,Credit,Swiggy,Bangalore
TXN00428,100031,4690.81,9/30/2024,Debit,Google Pay,Jaipur
TXN00429,100031,8826.24,11/23/2024,Debit,Amazon,Bangalore
TXN00430,100031,1161.33,9/15/2024,Credit,Google Pay,Kolkata
TXN00431,100031,9226.85,7/14/2024,Debit,Paytm,Jaipur
TXN00432,100031,5260.26,9/19/2024,Debit,IRCTC,Kolkata
TXN00433,100031,8403.33,6/11/2024,Credit,IRCTC,Jaipur
TXN00434,100326,378.08,6/4/2024,Debit,Google Pay,Kolkata
TXN00435,100326,820.77,7/26/2024,Debit,Google Pay,Chennai
TXN00436,100326,4772.88,9/27/2024,Debit,PhonePe,Pune
TXN00437,100326,7124.92,6/27/2024,Credit,Swiggy,Jaipur
TXN00438,100326,9130.21,6/20/2024,Credit,IRCTC,Jaipur
TXN00439,100326,4264.67,5/10/2025,Credit,Flipkart,Mumbai
TXN00440,100326,7840.51,12/23/2024,Credit,Google Pay,Delhi
TXN00441,100326,2018.69,5/20/2024,Credit,Paytm,Pune
TXN00442,100326,8755.08,7/14/2024,Credit,IRCTC,Hyderabad
TXN00443,100326,5174.27,12/5/2024,Credit,Amazon,Chennai
TXN00444,100315,4473.6,8/30/2024,Debit,Swiggy,Chennai
TXN00445,100315,7441.91,9/1/2024,Credit,Amazon,Hyderabad
TXN00446,100315,573.37,12/15/2024,Debit,Amazon,Bangalore
TXN00447,100315,9743.57,8/3/2024,Debit,Zomato,Pune
TXN00448,100315,4627.33,2/19/2025,Debit,PhonePe,Chennai
TXN00449,100315,961.45,11/21/2024,Debit,Paytm,Chennai
TXN00450,100315,7596.01,11/21/2024,Credit,Swiggy,Mumbai
TXN00451,100688,2955.04,2/14/2025,Credit,Zomato,Jaipur
TXN00452,100688,9124.79,11/28/2024,Credit,PhonePe,Pune
TXN00453,100688,1470.23,10/13/2024,Debit,Amazon,Chennai
TXN00454,100688,5187.59,6/29/2024,Debit,Zomato,Delhi
TXN00455,100688,7118.77,9/6/2024,Credit,Swiggy,Mumbai
TXN00456,100688,1149,11/4/2024,Debit,Paytm,Kolkata
TXN00457,100688,4140.96,9/14/2024,Debit,Google Pay,Jaipur
TXN00458,100674,4313.35,4/4/2025,Credit,Amazon,Hyderabad
TXN00459,100674,8606.23,7/7/2024,Credit,PhonePe,Hyderabad
TXN00460,100674,2745.97,12/8/2024,Debit,Paytm,Hyderabad
TXN00461,100674,1949.62,3/28/2025,Debit,Swiggy,Pune
TXN00462,100674,8388.2,7/24/2024,Debit,IRCTC,Mumbai
TXN00463,100674,6553.38,7/12/2024,Credit,PhonePe,Mumbai
TXN00464,100674,9947.66,8/25/2024,Credit,Google Pay,Mumbai
TXN00465,100674,5779.74,2/17/2025,Debit,Swiggy,Kolkata
TXN00466,100674,777.87,11/10/2024,Debit,Paytm,Hyderabad
TXN00467,100033,5219.4,12/13/2024,Credit,Flipkart,Pune
TXN00468,100033,8343.91,8/13/2024,Credit,Flipkart,Delhi
TXN00469,100033,6500.8,4/25/2025,Debit,Flipkart,Delhi
TXN00470,100033,788.34,8/16/2024,Debit,IRCTC,Chennai
TXN00471,100033,4384.21,6/4/2024,Debit,Zomato,Hyderabad
TXN00472,100033,8138.99,7/5/2024,Debit,Zomato,Mumbai
TXN00473,100033,161.72,11/26/2024,Debit,Amazon,Chennai
TXN00474,100033,2250.18,3/30/2025,Credit,Paytm,Chennai
TXN00475,100434,7059.08,1/9/2025,Debit,Paytm,Chennai
TXN00476,100434,9368.7,3/25/2025,Credit,Zomato,Delhi
TXN00477,100434,1656.82,6/26/2024,Credit,Paytm,Pune
TXN00478,100434,5868.08,2/4/2025,Credit,Flipkart,Pune
TXN00479,100434,971.28,10/22/2024,Debit,Amazon,Mumbai
TXN00480,100434,8635.18,12/25/2024,Credit,Swiggy,Hyderabad
TXN00481,100434,8944.2,1/19/2025,Debit,IRCTC,Hyderabad
TXN00482,100434,7192.68,3/2/2025,Debit,PhonePe,Pune
TXN00483,100434,2264.17,12/24/2024,Debit,PhonePe,Delhi
TXN00484,100570,6439.95,2/23/2025,Debit,Zomato,Jaipur
TXN00485,100570,1263.51,10/7/2024,Credit,Google Pay,Pune
TXN00486,100570,7673.64,10/19/2024,Credit,Flipkart,Mumbai
TXN00487,100570,4068.78,3/21/2025,Credit,PhonePe,Mumbai
TXN00488,100570,9804.75,3/23/2025,Debit,Amazon,Mumbai
TXN00489,100853,951.29,5/14/2025,Debit,Google Pay,Jaipur
TXN00490,100853,1229.35,9/17/2024,Credit,Google Pay,Pune
TXN00491,100853,5110.4,5/14/2025,Credit,PhonePe,Chennai
TXN00492,100853,1993.67,5/23/2024,Debit,Amazon,Hyderabad
TXN00493,100853,5321.65,8/4/2024,Credit,Google Pay,Kolkata
TXN00494,100853,450.86,1/19/2025,Debit,Swiggy,Hyderabad
TXN00495,100853,643.91,5/28/2024,Debit,Swiggy,Hyderabad
TXN00496,100853,8500.38,9/14/2024,Debit,Paytm,Chennai
TXN00497,100853,9638.92,4/26/2025,Debit,Zomato,Delhi
TXN00498,100853,2007.77,12/2/2024,Credit,Google Pay,Mumbai
TXN00499,100145,3568.85,12/3/2024,Debit,Swiggy,Mumbai
TXN00500,100145,666.71,4/1/2025,Debit,Swiggy,Jaipur
TXN00501,100145,1214.98,12/18/2024,Debit,Swiggy,Pune
TXN00502,100145,2326.72,3/10/2025,Credit,Swiggy,Hyderabad
TXN00503,100145,9946.47,11/9/2024,Credit,IRCTC,Jaipur
TXN00504,100400,6275.77,4/17/2025,Debit,Zomato,Mumbai
TXN00505,100400,3931.36,10/12/2024,Credit,IRCTC,Delhi
TXN00506,100508,1849.4,1/21/2025,Debit,PhonePe,Kolkata
TXN00507,100508,9016.9,6/26/2024,Credit,Swiggy,Kolkata
TXN00508,100508,2987.19,8/4/2024,Credit,Paytm,Delhi
TXN00509,100508,9385.42,9/20/2024,Debit,PhonePe,Chennai
TXN00510,100508,7854.55,9/7/2024,Debit,Amazon,Chennai
TXN00511,100508,5028.34,3/25/2025,Credit,PhonePe,Jaipur
TXN00512,100508,5151.84,10/11/2024,Debit,Flipkart,Hyderabad
TXN00513,100508,2298.84,9/9/2024,Debit,Flipkart,Bangalore
TXN00514,100309,1212.43,8/19/2024,Debit,Paytm,Delhi
TXN00515,100309,6794.9,5/6/2025,Credit,Zomato,Kolkata
TXN00516,100309,9969.3,6/21/2024,Debit,Swiggy,Kolkata
TXN00517,100309,5997.31,4/23/2025,Credit,Google Pay,Pune
TXN00518,100309,6374.88,7/6/2024,Debit,Amazon,Delhi
TXN00519,100309,7530.47,8/25/2024,Debit,Google Pay,Mumbai
TXN00520,100309,564.83,6/7/2024,Credit,IRCTC,Kolkata
TXN00521,100309,7965.38,7/12/2024,Credit,Amazon,Mumbai
TXN00522,100309,7208.68,4/20/2025,Credit,Zomato,Mumbai
TXN00523,100109,4876.19,7/6/2024,Debit,Flipkart,Kolkata
TXN00524,100109,9384.66,11/28/2024,Debit,Swiggy,Mumbai
TXN00525,100109,8776.23,2/26/2025,Credit,Zomato,Hyderabad
TXN00526,100109,221.3,7/29/2024,Debit,Amazon,Hyderabad
TXN00527,100109,412.81,11/12/2024,Debit,Paytm,Mumbai
TXN00528,100109,4034.72,11/27/2024,Credit,PhonePe,Mumbai
TXN00529,100109,9324.07,11/18/2024,Credit,Amazon,Pune
TXN00530,100109,7583.78,1/22/2025,Debit,Swiggy,Pune
TXN00531,100109,6044.21,7/3/2024,Debit,Swiggy,Chennai
TXN00532,100109,5083.28,8/3/2024,Debit,Google Pay,Pune
TXN00533,100311,9498.03,5/14/2025,Credit,IRCTC,Delhi
TXN00534,100311,6550.57,2/7/2025,Debit,Amazon,Mumbai
TXN00535,100311,2298.14,7/9/2024,Debit,PhonePe,Chennai
TXN00536,100311,2525.09,4/17/2025,Debit,PhonePe,Delhi
TXN00537,100311,9013.13,6/20/2024,Debit,IRCTC,Pune
TXN00538,100071,6868.49,5/22/2024,Credit,IRCTC,Bangalore
TXN00539,100071,6567.36,1/11/2025,Credit,Zomato,Delhi
TXN00540,100071,5780.97,10/12/2024,Credit,Zomato,Kolkata
TXN00541,100071,5417.3,12/12/2024,Credit,IRCTC,Hyderabad
TXN00542,100579,9723.45,8/11/2024,Credit,Swiggy,Chennai
TXN00543,100579,4458.29,3/21/2025,Debit,Paytm,Mumbai
TXN00544,100579,9065.54,12/4/2024,Credit,PhonePe,Mumbai
TXN00545,100579,252.75,4/24/2025,Debit,Zomato,Bangalore
TXN00546,100579,808,4/18/2025,Credit,PhonePe,Hyderabad
TXN00547,100579,732.02,6/11/2024,Credit,IRCTC,Bangalore
TXN00548,100579,9582.32,1/13/2025,Credit,Zomato,Jaipur
TXN00549,100812,4941,2/1/2025,Debit,PhonePe,Jaipur
TXN00550,100812,537.33,2/16/2025,Debit,Zomato,Chennai
TXN00551,100812,3164.67,4/25/2025,Credit,Zomato,Delhi
TXN00552,100812,7807.86,2/21/2025,Debit,Flipkart,Chennai
TXN00553,100812,4228.76,5/16/2025,Credit,IRCTC,Bangalore
TXN00554,100904,477.47,5/23/2024,Credit,Google Pay,Mumbai
TXN00555,100904,8398.61,4/13/2025,Credit,Google Pay,Jaipur
TXN00556,100904,7954.68,1/8/2025,Credit,Paytm,Hyderabad
TXN00557,100904,8599.51,11/27/2024,Debit,Flipkart,Pune
TXN00558,100904,8922.32,12/22/2024,Credit,Swiggy,Chennai
TXN00559,100904,9265.49,5/23/2024,Debit,Zomato,Pune
TXN00560,100268,4652.76,1/2/2025,Debit,Paytm,Jaipur
TXN00561,100268,8191.19,9/29/2024,Credit,Zomato,Hyderabad
TXN00562,100268,9241.85,1/11/2025,Credit,Zomato,Delhi
TXN00563,100268,3955.79,8/9/2024,Debit,Paytm,Mumbai
TXN00564,100268,6809.78,9/6/2024,Debit,PhonePe,Delhi
TXN00565,100268,4879.52,4/2/2025,Credit,Swiggy,Hyderabad
TXN00566,100268,8526.88,3/7/2025,Debit,PhonePe,Chennai
TXN00567,100268,5412.47,7/2/2024,Credit,Flipkart,Kolkata
TXN00568,100268,4812.73,11/16/2024,Credit,Amazon,Kolkata
TXN00569,100091,8599.26,9/24/2024,Debit,PhonePe,Pune
TXN00570,100091,7819.94,1/22/2025,Credit,PhonePe,Mumbai
TXN00571,100091,5795.71,5/8/2025,Debit,PhonePe,Mumbai
TXN00572,100091,6167.12,10/16/2024,Debit,Paytm,Mumbai
TXN00573,100091,3936.38,4/8/2025,Debit,Paytm,Delhi
TXN00574,100584,5339.71,5/26/2024,Debit,Swiggy,Jaipur
TXN00575,100584,633.35,8/1/2024,Debit,Amazon,Jaipur
TXN00576,100584,4317.17,3/8/2025,Credit,Zomato,Pune
TXN00577,100181,4909.51,1/30/2025,Debit,PhonePe,Jaipur
TXN00578,100181,6335.4,11/28/2024,Credit,Amazon,Chennai
TXN00579,100181,8022.4,12/18/2024,Credit,PhonePe,Bangalore
TXN00580,100181,5314.05,12/10/2024,Debit,Swiggy,Pune
TXN00581,100181,1153.37,2/1/2025,Debit,Swiggy,Kolkata
TXN00582,100181,5678.39,12/29/2024,Credit,Paytm,Kolkata
TXN00583,100181,9519.28,7/15/2024,Credit,Swiggy,Jaipur
TXN00584,100181,2369.17,7/14/2024,Credit,Amazon,Mumbai
TXN00585,100384,408.69,4/14/2025,Credit,IRCTC,Hyderabad
TXN00586,100384,8481.86,2/24/2025,Debit,Swiggy,Mumbai
TXN00587,100384,6901.29,6/16/2024,Debit,Flipkart,Delhi
TXN00588,100907,6904.22,9/8/2024,Credit,Zomato,Bangalore
TXN00589,100907,9332.73,12/22/2024,Credit,Flipkart,Pune
TXN00590,100907,4155.74,8/2/2024,Credit,Flipkart,Mumbai
TXN00591,100907,1514.79,5/14/2025,Credit,Amazon,Delhi
TXN00592,100907,9645.1,12/12/2024,Debit,Amazon,Pune
TXN00593,100217,6218.2,11/20/2024,Credit,IRCTC,Jaipur
TXN00594,100217,7026.78,9/17/2024,Debit,PhonePe,Delhi
TXN00595,100217,9118,12/10/2024,Debit,Swiggy,Jaipur
TXN00596,100485,900.45,10/30/2024,Credit,PhonePe,Bangalore
TXN00597,100485,5076.2,12/7/2024,Credit,Paytm,Bangalore
TXN00598,100485,4795.42,11/15/2024,Credit,Flipkart,Mumbai
TXN00599,100485,7528.42,10/4/2024,Debit,Zomato,Mumbai
TXN00600,100548,4762.56,12/22/2024,Credit,IRCTC,Pune
TXN00601,100548,690.92,8/7/2024,Credit,Amazon,Mumbai
TXN00602,100548,2470.38,11/27/2024,Credit,PhonePe,Delhi
TXN00603,100548,7081.42,1/28/2025,Debit,Paytm,Kolkata
TXN00604,100548,4728.63,8/7/2024,Credit,Swiggy,Mumbai
TXN00605,100548,325.2,6/4/2024,Debit,Paytm,Pune
TXN00606,100548,9453.89,5/10/2025,Credit,IRCTC,Chennai
TXN00607,100548,3783.15,11/30/2024,Debit,Flipkart,Mumbai
TXN00608,100548,3881.12,3/18/2025,Debit,PhonePe,Mumbai
TXN00609,100430,3770.13,7/3/2024,Credit,PhonePe,Pune
TXN00610,100430,6890.6,8/14/2024,Debit,Amazon,Chennai
TXN00611,100430,4619.07,2/3/2025,Debit,Flipkart,Jaipur
TXN00612,100430,7366.8,2/28/2025,Debit,PhonePe,Jaipur
TXN00613,100497,4370.28,10/28/2024,Credit,Google Pay,Hyderabad
TXN00614,100497,9168.33,12/8/2024,Debit,Swiggy,Hyderabad
TXN00615,100497,8246.05,3/27/2025,Debit,Swiggy,Pune
TXN00616,100497,8830.24,12/10/2024,Debit,Google Pay,Pune
TXN00617,100497,3301.22,5/8/2025,Credit,PhonePe,Kolkata
TXN00618,100497,3157.8,8/15/2024,Credit,Amazon,Pune
TXN00619,100497,3072.93,1/29/2025,Credit,Swiggy,Chennai
TXN00620,100497,3674.26,4/5/2025,Debit,PhonePe,Mumbai
TXN00621,100497,7873.71,7/12/2024,Credit,Flipkart,Delhi
TXN00622,100497,5211.83,11/27/2024,Credit,Flipkart,Delhi
TXN00623,100313,4926.04,3/12/2025,Credit,Google Pay,Delhi
TXN00624,100313,8398.48,11/28/2024,Credit,PhonePe,Delhi
TXN00625,100313,4078.5,5/25/2024,Credit,IRCTC,Hyderabad
TXN00626,100313,1587.75,10/21/2024,Debit,Paytm,Bangalore
TXN00627,100313,1066.4,6/27/2024,Credit,PhonePe,Kolkata
TXN00628,100431,7993.81,6/2/2024,Debit,PhonePe,Chennai
TXN00629,100431,8489.85,2/22/2025,Credit,PhonePe,Kolkata
TXN00630,100431,6316.89,3/15/2025,Debit,Amazon,Chennai
TXN00631,100431,5969.54,5/13/2025,Credit,Amazon,Delhi
TXN00632,100706,1722.42,6/7/2024,Debit,Zomato,Bangalore
TXN00633,100706,7157.79,12/18/2024,Debit,Swiggy,Delhi
TXN00634,100706,3529.73,4/7/2025,Debit,Paytm,Delhi
TXN00635,100706,4153.39,3/8/2025,Debit,Paytm,Bangalore
TXN00636,100706,2794.72,2/18/2025,Credit,Swiggy,Hyderabad
TXN00637,100706,2932.31,6/23/2024,Credit,PhonePe,Bangalore
TXN00638,100706,7178.39,10/27/2024,Debit,Swiggy,Kolkata
TXN00639,100496,4460.88,11/4/2024,Debit,PhonePe,Delhi
TXN00640,100496,1365.78,3/17/2025,Debit,Amazon,Delhi
TXN00641,100496,2695.78,4/22/2025,Credit,Google Pay,Chennai
TXN00642,100496,683.56,12/3/2024,Credit,PhonePe,Jaipur
TXN00643,100496,7264.95,3/19/2025,Debit,Swiggy,Hyderabad
TXN00644,100496,1158.08,8/9/2024,Debit,PhonePe,Hyderabad
TXN00645,100496,2127.17,3/26/2025,Debit,Amazon,Hyderabad
TXN00646,100496,6021.63,12/16/2024,Credit,Google Pay,Delhi
TXN00647,100881,2662.55,5/15/2025,Debit,Zomato,Jaipur
TXN00648,100881,623.12,6/10/2024,Debit,IRCTC,Chennai
TXN00649,100881,2629.22,10/15/2024,Debit,PhonePe,Pune
TXN00650,100881,7255.9,3/11/2025,Credit,Paytm,Mumbai
TXN00651,100881,9545.08,8/26/2024,Debit,Amazon,Chennai
TXN00652,100036,134.38,12/28/2024,Credit,Paytm,Hyderabad
TXN00653,100036,7758.49,3/6/2025,Debit,Zomato,Hyderabad
TXN00654,100036,8950.94,12/20/2024,Debit,IRCTC,Pune
TXN00655,100036,616.06,10/31/2024,Debit,Swiggy,Hyderabad
TXN00656,100036,8272.6,7/20/2024,Debit,IRCTC,Pune
TXN00657,100036,8278.98,12/19/2024,Debit,Google Pay,Mumbai
TXN00658,100036,9588.77,10/12/2024,Debit,Paytm,Hyderabad
TXN00659,100036,3894.27,3/28/2025,Debit,Flipkart,Jaipur
TXN00660,100036,8395.22,3/15/2025,Debit,Swiggy,Mumbai
TXN00661,100896,5717.67,12/9/2024,Credit,Google Pay,Delhi
TXN00662,100896,3553,9/17/2024,Credit,IRCTC,Chennai
TXN00663,100896,1935.68,10/18/2024,Debit,Google Pay,Jaipur
TXN00664,100900,8892.48,6/2/2024,Debit,Amazon,Jaipur
TXN00665,100900,7729.12,5/1/2025,Credit,IRCTC,Kolkata
TXN00666,100900,4578.55,2/25/2025,Debit,IRCTC,Pune
TXN00667,100900,7811.18,7/1/2024,Credit,PhonePe,Jaipur
TXN00668,100787,2930.93,9/17/2024,Debit,Amazon,Jaipur
TXN00669,100787,1921.92,11/14/2024,Credit,Paytm,Hyderabad
TXN00670,100258,1429.41,1/9/2025,Credit,Amazon,Hyderabad
TXN00671,100259,3331.85,12/26/2024,Debit,PhonePe,Kolkata
TXN00672,100260,8024.46,6/1/2024,Credit,Google Pay,Pune
TXN00673,100262,4662.57,1/25/2025,Credit,Swiggy,Pune
TXN00674,100265,6831.62,6/5/2024,Credit,PhonePe,Pune
TXN00675,100266,5100.68,3/21/2025,Debit,PhonePe,Bangalore
TXN00676,100267,7296.74,5/19/2024,Credit,PhonePe,Pune
TXN00677,100271,5496.69,4/3/2025,Debit,Flipkart,Bangalore
TXN00678,100292,2986.39,9/16/2024,Debit,Zomato,Bangalore
TXN00679,100294,5337.57,2/28/2025,Credit,Swiggy,Pune
TXN00680,100297,8103.22,7/8/2024,Credit,IRCTC,Hyderabad
TXN00681,100299,2087.85,2/24/2025,Credit,Zomato,Jaipur
TXN00682,100312,9551.6,10/5/2024,Credit,IRCTC,Delhi
TXN00683,100314,2850.59,11/15/2024,Debit,IRCTC,Chennai
TXN00684,100320,4616.78,9/2/2024,Credit,IRCTC,Pune
TXN00685,100321,8052.39,12/15/2024,Debit,Flipkart,Jaipur
TXN00686,100322,2439.07,2/17/2025,Credit,Google Pay,Chennai
TXN00687,100323,563.6,9/15/2024,Debit,Swiggy,Chennai
TXN00688,100324,7792.54,8/16/2024,Credit,Zomato,Kolkata
TXN00689,100325,1282.58,12/3/2024,Debit,Paytm,Chennai
TXN00690,100333,2065.19,7/27/2024,Debit,Amazon,Hyderabad
TXN00691,100339,4645.81,9/22/2024,Debit,Zomato,Delhi
TXN00692,100343,585.11,9/24/2024,Debit,Zomato,Pune
TXN00693,100350,768.21,9/26/2024,Debit,Swiggy,Jaipur
TXN00694,100351,6854.05,8/19/2024,Credit,Flipkart,Bangalore
TXN00695,100353,9864.48,12/25/2024,Debit,Swiggy,Hyderabad
TXN00696,100355,561.5,9/9/2024,Debit,Swiggy,Jaipur
TXN00697,100162,9610.98,10/1/2024,Debit,Swiggy,Hyderabad
TXN00698,100395,970.36,9/24/2024,Debit,Paytm,Kolkata
TXN00699,100395,2283.79,8/10/2024,Credit,Paytm,Hyderabad
TXN00700,100395,1808.71,8/14/2024,Credit,IRCTC,Kolkata
TXN00701,100388,2359.03,7/22/2024,Credit,Google Pay,Pune
TXN00702,100388,3374.65,7/10/2024,Debit,Google Pay,Bangalore
TXN00703,100388,4200.27,12/10/2024,Credit,Flipkart,Chennai
TXN00704,100388,3063.26,8/23/2024,Credit,Zomato,Bangalore
TXN00705,100388,6224.3,9/24/2024,Debit,Amazon,Pune
TXN00706,100388,5910.77,3/7/2025,Debit,Zomato,Mumbai
TXN00707,100388,5933.79,11/5/2024,Credit,PhonePe,Jaipur
TXN00708,100388,8082.87,7/3/2024,Credit,IRCTC,Chennai
TXN00709,100388,1353.19,9/28/2024,Credit,Swiggy,Mumbai
TXN00710,100859,8386.79,12/29/2024,Credit,Flipkart,Bangalore
TXN00711,100859,5969.05,8/7/2024,Credit,IRCTC,Delhi
TXN00712,100859,833.76,7/23/2024,Debit,Swiggy,Chennai
TXN00713,100859,9223.01,8/17/2024,Credit,PhonePe,Pune
TXN00714,100859,5437.6,9/21/2024,Credit,Google Pay,Mumbai
TXN00715,100859,2736.02,5/21/2024,Debit,IRCTC,Hyderabad
TXN00716,100859,3711.29,11/23/2024,Credit,Flipkart,Mumbai
TXN00717,100859,5968.44,3/16/2025,Credit,Zomato,Mumbai
TXN00718,100859,2468.05,12/2/2024,Debit,Zomato,Jaipur
TXN00719,100859,5788.39,3/22/2025,Debit,IRCTC,Mumbai
TXN00720,100189,8437.28,8/10/2024,Credit,Google Pay,Bangalore
TXN00721,100189,2821.36,12/7/2024,Credit,Amazon,Jaipur
TXN00722,100189,9638.22,9/9/2024,Debit,Paytm,Jaipur
TXN00723,100189,3904.53,2/24/2025,Debit,Zomato,Bangalore
TXN00724,100189,2695.25,10/13/2024,Credit,Flipkart,Bangalore
TXN00725,100189,3675.59,9/15/2024,Credit,Paytm,Delhi
TXN00726,100189,5380.95,11/6/2024,Debit,Amazon,Bangalore
TXN00727,100547,5910.16,8/17/2024,Debit,IRCTC,Jaipur
TXN00728,100547,5481.69,7/1/2024,Debit,Zomato,Kolkata
TXN00729,100547,6424.48,8/26/2024,Credit,PhonePe,Mumbai
TXN00730,100547,1965.21,12/13/2024,Credit,Google Pay,Pune
TXN00731,100547,4492.61,7/24/2024,Debit,Paytm,Bangalore
TXN00732,100547,8895.4,11/1/2024,Credit,IRCTC,Bangalore
TXN00733,100547,6769.78,2/15/2025,Debit,Google Pay,Hyderabad
TXN00734,100799,5739.53,10/26/2024,Debit,Amazon,Kolkata
TXN00735,100799,300.48,1/29/2025,Debit,Amazon,Hyderabad
TXN00736,100799,6491.42,5/9/2025,Debit,PhonePe,Mumbai
TXN00737,100799,4684.73,1/26/2025,Debit,PhonePe,Delhi
TXN00738,100799,1523.48,8/23/2024,Credit,PhonePe,Bangalore
TXN00739,100799,5531.69,12/22/2024,Debit,IRCTC,Chennai
TXN00740,100799,7732.86,2/16/2025,Credit,Google Pay,Mumbai
TXN00741,100799,9859.69,9/22/2024,Debit,Zomato,Jaipur
TXN00742,100799,1704.66,4/26/2025,Credit,Swiggy,Delhi
TXN00743,100336,3462.24,12/12/2024,Debit,Paytm,Mumbai
TXN00744,100336,7879.39,9/6/2024,Credit,Paytm,Mumbai
TXN00745,100336,6034.86,4/17/2025,Debit,Amazon,Delhi
TXN00746,100336,8280.87,1/26/2025,Credit,IRCTC,Hyderabad
TXN00747,100237,9325.28,7/21/2024,Debit,Paytm,Bangalore
TXN00748,100237,1654.72,6/3/2024,Debit,Flipkart,Bangalore
TXN00749,100237,5989.6,8/5/2024,Debit,Amazon,Chennai
TXN00750,100237,8430.99,8/18/2024,Debit,Amazon,Pune
TXN00751,100237,619.31,4/7/2025,Credit,Paytm,Kolkata
TXN00752,100408,5343.82,4/1/2025,Debit,Paytm,Jaipur
TXN00753,100408,5759.29,3/1/2025,Debit,Amazon,Kolkata
TXN00754,100408,9792.95,5/6/2025,Debit,PhonePe,Jaipur
TXN00755,100408,7425.14,2/10/2025,Debit,IRCTC,Bangalore
TXN00756,100408,6983.8,9/18/2024,Debit,Amazon,Mumbai
TXN00757,100408,1128.27,10/18/2024,Credit,PhonePe,Kolkata
TXN00758,100408,1431.57,9/13/2024,Credit,Amazon,Kolkata
TXN00759,100408,4022.22,3/31/2025,Debit,IRCTC,Kolkata
TXN00760,100408,9149.18,4/29/2025,Debit,Swiggy,Kolkata
TXN00761,100914,8424.69,3/2/2025,Debit,IRCTC,Kolkata
TXN00762,100914,3105.15,3/4/2025,Credit,Flipkart,Pune
TXN00763,100914,8463.55,2/18/2025,Debit,Paytm,Chennai
TXN00764,100914,6940.01,9/21/2024,Credit,Google Pay,Jaipur
TXN00765,100914,6634.28,11/23/2024,Debit,Google Pay,Pune
TXN00766,100914,7425.6,1/16/2025,Credit,Google Pay,Mumbai
TXN00767,100914,3599.26,3/9/2025,Credit,Amazon,Mumbai
TXN00768,100914,9992.07,5/15/2025,Debit,Zomato,Chennai
TXN00769,100492,7615.09,2/8/2025,Debit,Swiggy,Bangalore
TXN00770,100492,4284.89,9/18/2024,Debit,Amazon,Chennai
TXN00771,100492,9735.7,5/17/2025,Debit,Paytm,Mumbai
TXN00772,100492,2168.99,10/16/2024,Credit,Amazon,Mumbai
TXN00773,100492,7105.5,12/23/2024,Debit,Swiggy,Delhi
TXN00774,100650,5959.04,4/21/2025,Debit,Flipkart,Bangalore
TXN00775,100650,6271.26,2/1/2025,Credit,Paytm,Chennai
TXN00776,100650,6221.28,7/24/2024,Credit,Google Pay,Pune
TXN00777,100650,2306.26,2/20/2025,Credit,Paytm,Delhi
TXN00778,100650,5336.43,7/6/2024,Debit,IRCTC,Hyderabad
TXN00779,100650,1523.82,3/7/2025,Debit,Flipkart,Jaipur
TXN00780,100477,7783.55,8/1/2024,Credit,IRCTC,Bangalore
TXN00781,100477,5919.5,11/2/2024,Credit,PhonePe,Delhi
TXN00782,100498,8495.01,6/17/2024,Credit,IRCTC,Chennai
TXN00783,100498,6951.59,8/24/2024,Credit,PhonePe,Hyderabad
TXN00784,100498,7340.52,9/22/2024,Debit,Flipkart,Delhi
TXN00785,100498,8317.19,7/8/2024,Debit,Flipkart,Mumbai
TXN00786,100498,5377.33,5/21/2024,Credit,Amazon,Bangalore
TXN00787,100498,885.96,11/14/2024,Credit,Swiggy,Bangalore
TXN00788,100498,7311.19,8/27/2024,Credit,Google Pay,Jaipur
TXN00789,100498,7972.42,6/6/2024,Credit,Zomato,Pune
TXN00790,100498,4497.52,2/13/2025,Credit,Google Pay,Kolkata
TXN00791,100498,3290.6,5/18/2025,Debit,PhonePe,Chennai
TXN00792,100193,2247.35,3/30/2025,Debit,Amazon,Mumbai
TXN00793,100193,1451.58,12/14/2024,Debit,IRCTC,Jaipur
TXN00794,100193,868.36,1/31/2025,Credit,Zomato,Chennai
TXN00795,100334,6098.61,4/24/2025,Debit,PhonePe,Mumbai
TXN00796,100334,4837.99,2/13/2025,Credit,Paytm,Pune
TXN00797,100334,6723.38,8/7/2024,Credit,Swiggy,Hyderabad
TXN00798,100345,335.63,5/27/2024,Credit,Zomato,Jaipur
TXN00799,100345,8223.88,4/14/2025,Debit,Swiggy,Chennai
TXN00800,100345,858.93,8/29/2024,Credit,Paytm,Hyderabad
TXN00801,100345,8514.87,12/9/2024,Debit,Paytm,Bangalore
TXN00802,100345,9225.12,10/24/2024,Credit,Swiggy,Chennai
TXN00803,100345,3064.18,1/11/2025,Credit,PhonePe,Chennai
TXN00804,100250,8653.35,10/24/2024,Credit,IRCTC,Bangalore
TXN00805,100250,2908.41,8/7/2024,Credit,Google Pay,Chennai
TXN00806,100583,4753.74,1/12/2025,Credit,PhonePe,Delhi
TXN00807,100583,8161.53,3/14/2025,Credit,Zomato,Hyderabad
TXN00808,100583,539.92,10/16/2024,Debit,Paytm,Hyderabad
TXN00809,100583,807.36,9/19/2024,Credit,Flipkart,Pune
TXN00810,100583,6621.96,5/6/2025,Debit,Paytm,Mumbai
TXN00811,100583,202.29,9/14/2024,Credit,Swiggy,Kolkata
TXN00812,100583,937.21,1/7/2025,Credit,Zomato,Kolkata
TXN00813,100583,3847.19,2/12/2025,Debit,Zomato,Mumbai
TXN00814,100583,2472.32,12/1/2024,Debit,Flipkart,Mumbai
TXN00815,100816,5621.22,8/14/2024,Credit,IRCTC,Jaipur
TXN00816,100816,4665.32,9/14/2024,Debit,Swiggy,Chennai
TXN00817,100816,8328.58,1/2/2025,Debit,Zomato,Pune
TXN00818,100757,8647.06,9/24/2024,Credit,IRCTC,Delhi
TXN00819,100757,1360.03,10/19/2024,Credit,Swiggy,Chennai
TXN00820,100740,3865.28,4/24/2025,Credit,Zomato,Pune
TXN00821,100740,4733.16,11/15/2024,Debit,IRCTC,Bangalore
TXN00822,100740,7311.89,6/21/2024,Credit,Google Pay,Delhi
TXN00823,100740,4661.73,7/13/2024,Credit,PhonePe,Jaipur
TXN00824,100740,9667.61,7/15/2024,Credit,Flipkart,Hyderabad
TXN00825,100413,4039.49,1/12/2025,Debit,Swiggy,Mumbai
TXN00826,100413,219.07,8/17/2024,Debit,Swiggy,Kolkata
TXN00827,100413,6164.8,11/29/2024,Credit,Zomato,Kolkata
TXN00828,100413,1476.02,7/20/2024,Credit,Flipkart,Hyderabad
TXN00829,100413,3927.31,9/16/2024,Credit,Flipkart,Bangalore
TXN00830,100641,4224.33,3/22/2025,Credit,PhonePe,Chennai
TXN00831,100641,2789.05,8/2/2024,Debit,Flipkart,Bangalore
TXN00832,100641,8341.89,10/11/2024,Debit,Flipkart,Bangalore
TXN00833,100641,5701.67,6/20/2024,Debit,Swiggy,Kolkata
TXN00834,101022,246.49,8/1/2024,Debit,Flipkart,Hyderabad
TXN00835,101022,3083.21,7/31/2024,Credit,Google Pay,Mumbai
TXN00836,101022,1714.73,3/27/2025,Credit,PhonePe,Chennai
TXN00837,101022,9137.77,11/18/2024,Credit,Zomato,Mumbai
TXN00838,100361,6175.12,12/22/2024,Debit,Paytm,Pune
TXN00839,100361,1752.16,11/9/2024,Credit,Flipkart,Delhi
TXN00840,100361,8329.78,3/17/2025,Debit,Google Pay,Jaipur
TXN00841,100361,2888.93,1/12/2025,Credit,Flipkart,Mumbai
TXN00842,100486,4062.39,9/30/2024,Debit,Amazon,Jaipur
TXN00843,100486,7729.94,10/1/2024,Credit,PhonePe,Hyderabad
TXN00844,100486,7788.16,3/19/2025,Debit,Flipkart,Bangalore
TXN00845,100595,8721.44,8/19/2024,Credit,PhonePe,Hyderabad
TXN00846,100595,871.22,4/2/2025,Debit,Swiggy,Jaipur
TXN00847,100595,4486.64,6/20/2024,Credit,Amazon,Bangalore
TXN00848,100595,8441.72,4/24/2025,Credit,Zomato,Chennai
TXN00849,100595,7056.97,7/15/2024,Debit,Swiggy,Delhi
TXN00850,101007,3583.85,2/3/2025,Credit,Amazon,Kolkata
TXN00851,101007,6197.22,3/18/2025,Debit,IRCTC,Bangalore
TXN00852,101007,8509.07,7/17/2024,Credit,Paytm,Pune
TXN00853,101007,5314.4,7/4/2024,Debit,PhonePe,Hyderabad
TXN00854,101007,359.56,8/9/2024,Debit,PhonePe,Pune
TXN00855,101007,1843.28,3/16/2025,Credit,Google Pay,Hyderabad
TXN00856,101007,9412.4,8/9/2024,Debit,Flipkart,Mumbai
TXN00857,101007,8067.73,8/10/2024,Debit,Flipkart,Bangalore
TXN00858,101007,8560.65,9/11/2024,Debit,Amazon,Delhi
TXN00859,101007,5534.23,5/16/2025,Debit,Swiggy,Chennai
TXN00860,100247,4596.21,3/7/2025,Credit,Amazon,Mumbai
TXN00861,100247,3263.97,8/17/2024,Credit,Paytm,Hyderabad
TXN00862,100923,3907.49,11/13/2024,Credit,Zomato,Bangalore
TXN00863,100923,3480.15,2/16/2025,Credit,IRCTC,Jaipur
TXN00864,100923,3903.5,4/30/2025,Credit,Zomato,Hyderabad
TXN00865,100923,1506.18,4/3/2025,Credit,PhonePe,Mumbai
TXN00866,100923,1755.86,8/4/2024,Credit,Flipkart,Bangalore
TXN00867,100528,8220.76,12/18/2024,Credit,Google Pay,Kolkata
TXN00868,100528,9818.81,6/19/2024,Credit,Swiggy,Pune
TXN00869,100528,8605.64,4/1/2025,Credit,Google Pay,Kolkata
TXN00870,100528,1280,1/17/2025,Debit,Amazon,Bangalore
TXN00871,100528,2806.91,7/11/2024,Debit,PhonePe,Chennai
TXN00872,100528,2515.85,12/24/2024,Debit,Zomato,Kolkata
TXN00873,100528,7371.37,4/14/2025,Debit,Paytm,Bangalore
TXN00874,100528,3808.22,8/3/2024,Credit,Google Pay,Delhi
TXN00875,100528,363.24,4/25/2025,Credit,Google Pay,Kolkata
TXN00876,100528,9010.44,6/30/2024,Debit,Zomato,Pune
TXN00877,100544,8648.86,1/15/2025,Credit,IRCTC,Delhi
TXN00878,100544,3108.75,11/9/2024,Debit,Paytm,Bangalore
TXN00879,100544,4007.78,9/17/2024,Debit,Swiggy,Hyderabad
TXN00880,100544,7151.5,3/26/2025,Credit,Swiggy,Mumbai
TXN00881,100544,6663.49,7/20/2024,Credit,IRCTC,Chennai
TXN00882,100544,5695.76,11/12/2024,Credit,Flipkart,Chennai
TXN00883,100544,3191.43,10/1/2024,Credit,Paytm,Chennai
TXN00884,100544,8419.89,6/9/2024,Debit,Google Pay,Bangalore
TXN00885,100415,7416.38,2/12/2025,Credit,Paytm,Pune
TXN00886,100415,9978.62,7/3/2024,Credit,Swiggy,Hyderabad
TXN00887,100415,4401.85,3/13/2025,Credit,Amazon,Bangalore
TXN00888,100415,9285.7,5/14/2025,Debit,Paytm,Mumbai
TXN00889,100415,3720.71,4/26/2025,Debit,Paytm,Pune
TXN00890,100415,928.94,5/16/2025,Credit,Amazon,Jaipur
TXN00891,100415,2509.52,10/2/2024,Credit,Google Pay,Delhi
TXN00892,100281,6090.3,1/26/2025,Credit,PhonePe,Hyderabad
TXN00893,100281,2789.56,8/1/2024,Debit,Flipkart,Hyderabad
TXN00894,100281,7200.2,5/25/2024,Debit,Google Pay,Kolkata
TXN00895,100281,6947.73,8/3/2024,Debit,Swiggy,Mumbai
TXN00896,100783,7225.42,9/2/2024,Debit,IRCTC,Pune
TXN00897,100783,631.1,1/31/2025,Credit,Paytm,Chennai
TXN00898,100783,8677.01,8/20/2024,Debit,Swiggy,Delhi
TXN00899,100783,5714.86,12/30/2024,Debit,Zomato,Hyderabad
TXN00900,100783,6567.56,5/28/2024,Credit,Google Pay,Pune
TXN00901,100783,4494.41,8/19/2024,Debit,Zomato,Hyderabad
TXN00902,100066,594.04,12/4/2024,Credit,Swiggy,Delhi
TXN00903,100066,1382.52,12/6/2024,Debit,Paytm,Mumbai
TXN00904,100066,8096.52,7/20/2024,Credit,Flipkart,Mumbai
TXN00905,100066,9850.42,6/22/2024,Credit,PhonePe,Hyderabad
TXN00906,100066,5269.4,12/5/2024,Debit,Google Pay,Kolkata
TXN00907,100066,555.39,7/24/2024,Credit,Zomato,Delhi
TXN00908,100066,8890.01,5/14/2025,Debit,IRCTC,Mumbai
TXN00909,100066,2343.59,3/13/2025,Credit,Amazon,Chennai
TXN00910,100066,8241.38,10/6/2024,Debit,Paytm,Bangalore
TXN00911,100066,3955.25,8/19/2024,Debit,Amazon,Hyderabad
TXN00912,100300,8983.31,9/18/2024,Debit,IRCTC,Kolkata
TXN00913,100300,1417.18,10/12/2024,Debit,Paytm,Mumbai
TXN00914,100300,6197.61,5/28/2024,Credit,Flipkart,Hyderabad
TXN00915,100300,7527.39,4/2/2025,Debit,PhonePe,Hyderabad
TXN00916,100300,3941.17,1/15/2025,Credit,Zomato,Jaipur
TXN00917,100300,4123.86,9/10/2024,Credit,Flipkart,Pune
TXN00918,100569,304.79,10/22/2024,Debit,Flipkart,Chennai
TXN00919,100569,2707.99,10/17/2024,Debit,PhonePe,Jaipur
TXN00920,100569,1873.21,11/27/2024,Credit,Flipkart,Bangalore
TXN00921,100569,596.86,1/16/2025,Debit,Amazon,Bangalore
TXN00922,100569,539.69,4/28/2025,Credit,PhonePe,Bangalore
TXN00923,100569,2029.64,9/18/2024,Debit,Swiggy,Hyderabad
TXN00924,100569,5349.96,10/31/2024,Credit,Flipkart,Mumbai
TXN00925,100308,232.57,5/20/2024,Credit,PhonePe,Hyderabad
TXN00926,100308,6138.74,8/18/2024,Debit,Zomato,Hyderabad
TXN00927,100308,5569.55,2/8/2025,Credit,Paytm,Mumbai
TXN00928,100308,342.18,7/22/2024,Debit,Swiggy,Kolkata
TXN00929,100308,5352.23,9/16/2024,Credit,Swiggy,Kolkata
TXN00930,100308,1159.3,2/25/2025,Debit,Amazon,Bangalore
TXN00931,100308,6370.32,6/29/2024,Credit,Flipkart,Chennai
TXN00932,100308,4239.81,6/4/2024,Debit,Zomato,Delhi
TXN00933,100308,5089.28,8/28/2024,Credit,PhonePe,Kolkata
TXN00934,100308,9366.19,7/23/2024,Credit,Google Pay,Chennai
TXN00935,100302,9974.75,2/12/2025,Debit,Amazon,Hyderabad
TXN00936,100302,7027.57,6/30/2024,Debit,Google Pay,Bangalore
TXN00937,100302,444.65,12/16/2024,Credit,Flipkart,Bangalore
TXN00938,100647,724.85,3/29/2025,Credit,Google Pay,Pune
TXN00939,100647,2082.41,5/3/2025,Debit,Swiggy,Pune
TXN00940,100647,6285.53,9/4/2024,Debit,Flipkart,Bangalore
TXN00941,100121,3729.69,5/15/2025,Debit,Google Pay,Jaipur
TXN00942,100121,8043.44,4/4/2025,Credit,Zomato,Kolkata
TXN00943,100121,1222.62,10/17/2024,Debit,Zomato,Mumbai
TXN00944,100784,7687.21,6/24/2024,Debit,PhonePe,Pune
TXN00945,100784,3014.11,8/1/2024,Debit,Google Pay,Delhi
TXN00946,100784,393.05,8/25/2024,Credit,IRCTC,Bangalore
TXN00947,100784,9816.75,8/4/2024,Debit,Swiggy,Pune
TXN00948,100784,1759.27,1/19/2025,Debit,Paytm,Jaipur
TXN00949,100784,6592.36,11/15/2024,Credit,Paytm,Hyderabad
TXN00950,100784,4444.37,12/21/2024,Debit,IRCTC,Bangalore
TXN00951,100784,2336.21,5/23/2024,Debit,Flipkart,Pune
TXN00952,100784,616.59,2/14/2025,Debit,Swiggy,Mumbai
TXN00953,100784,1214.46,6/21/2024,Debit,IRCTC,Mumbai
TXN00954,100994,1963.7,10/12/2024,Credit,Swiggy,Bangalore
TXN00955,100994,2564.51,5/15/2025,Credit,Swiggy,Mumbai
TXN00956,100994,4239.13,11/23/2024,Debit,PhonePe,Pune
TXN00957,100994,7527.84,6/28/2024,Debit,Zomato,Chennai
TXN00958,100994,3411.09,10/31/2024,Debit,Amazon,Chennai
TXN00959,100994,7745.05,11/26/2024,Credit,Google Pay,Pune
TXN00960,100994,8029.84,7/16/2024,Credit,Zomato,Hyderabad
TXN00961,100994,8248.21,9/10/2024,Credit,Swiggy,Kolkata
TXN00962,100994,7770.61,3/19/2025,Debit,Paytm,Kolkata
TXN00963,100898,1184.91,9/2/2024,Debit,Zomato,Hyderabad
TXN00964,100898,919.68,11/17/2024,Debit,Zomato,Chennai
TXN00965,100898,8135.5,9/18/2024,Credit,Paytm,Bangalore
TXN00966,100898,4133.06,4/28/2025,Debit,Amazon,Hyderabad
TXN00967,100898,3402.26,6/24/2024,Debit,Flipkart,Delhi
TXN00968,100898,6276.44,9/23/2024,Credit,Google Pay,Mumbai
TXN00969,100637,9219.73,10/5/2024,Debit,Amazon,Hyderabad
TXN00970,100637,5960.47,5/22/2024,Debit,Paytm,Kolkata
TXN00971,100637,9485.31,6/18/2024,Credit,Swiggy,Bangalore
TXN00972,100637,5267.95,1/9/2025,Debit,Google Pay,Hyderabad
TXN00973,100637,5339.63,6/11/2024,Debit,Paytm,Chennai
TXN00974,100637,5915.52,6/2/2024,Credit,Amazon,Bangalore
TXN00975,100637,525.21,6/18/2024,Credit,Google Pay,Delhi
TXN00976,100327,6028.49,9/5/2024,Debit,Paytm,Kolkata
TXN00977,100327,1684.6,9/12/2024,Debit,Google Pay,Pune
TXN00978,100327,1580.9,6/7/2024,Debit,PhonePe,Kolkata
TXN00979,100327,6286.52,10/26/2024,Debit,Google Pay,Jaipur
TXN00980,100638,9413.49,8/18/2024,Credit,Zomato,Mumbai
TXN00981,100639,990.56,10/2/2024,Debit,Amazon,Bangalore
TXN00982,100643,4632.27,2/4/2025,Credit,PhonePe,Bangalore
TXN00983,100644,2125.94,3/10/2025,Debit,Google Pay,Hyderabad
TXN00984,100646,9361.89,11/27/2024,Credit,Paytm,Hyderabad
TXN00985,100648,7576.84,8/6/2024,Debit,Flipkart,Jaipur
TXN00986,100652,1863.45,7/14/2024,Credit,Flipkart,Hyderabad
TXN00987,100653,6871.88,5/14/2025,Credit,PhonePe,Hyderabad
TXN00988,100657,6047.56,7/9/2024,Credit,Swiggy,Chennai
TXN00989,100658,644,10/21/2024,Debit,Paytm,Chennai
TXN00990,100659,5657.29,8/10/2024,Debit,Paytm,Kolkata
TXN00991,100662,8817.39,6/8/2024,Debit,Paytm,Chennai
TXN00992,100664,8365.23,11/23/2024,Credit,Paytm,Bangalore
TXN00993,100665,5324.31,7/7/2024,Debit,Amazon,Hyderabad
TXN00994,100666,6250.27,8/26/2024,Debit,Amazon,Mumbai
TXN00995,100668,5627.72,4/5/2025,Debit,Paytm,Jaipur
TXN00996,100675,2890.43,12/9/2024,Credit,Swiggy,Hyderabad
TXN00997,100645,3372.21,1/27/2025,Debit,PhonePe,Kolkata
TXN00998,100645,8200.91,3/9/2025,Debit,Zomato,Delhi
TXN00999,101023,5736.21,6/15/2024,Debit,Flipkart,Chennai
TXN01000,101023,6226.49,2/20/2025,Credit,PhonePe,Chennai
TXN01001,101023,2299.17,3/24/2025,Credit,PhonePe,Pune
TXN01002,101023,9444.54,1/14/2025,Debit,Paytm,Delhi
TXN01003,101023,700.58,6/17/2024,Debit,Flipkart,Kolkata
TXN01004,101023,585.81,3/17/2025,Credit,Paytm,Delhi
TXN01005,101023,9421.89,10/23/2024,Debit,Flipkart,Mumbai
TXN01006,101023,6166.37,9/21/2024,Debit,IRCTC,Kolkata
TXN01007,100377,4801.44,3/6/2025,Debit,Amazon,Delhi
TXN01008,100377,1993.95,9/23/2024,Credit,Paytm,Pune
TXN01009,100377,9527.47,7/3/2024,Debit,Zomato,Chennai
TXN01010,100377,8369.2,2/24/2025,Debit,IRCTC,Kolkata
TXN01011,100377,8689.18,10/27/2024,Debit,PhonePe,Chennai
TXN01012,100377,3100.5,2/23/2025,Debit,IRCTC,Bangalore
TXN01013,100377,5991.84,1/24/2025,Debit,Paytm,Chennai
TXN01014,100377,1390.14,6/2/2024,Credit,Zomato,Mumbai
TXN01015,100990,1692.36,11/19/2024,Debit,IRCTC,Hyderabad
TXN01016,100990,127.29,10/9/2024,Credit,Paytm,Delhi
TXN01017,100990,7794.78,4/25/2025,Credit,IRCTC,Jaipur
TXN01018,100990,1202.97,11/9/2024,Debit,Amazon,Chennai
TXN01019,100990,7288.4,11/30/2024,Credit,PhonePe,Chennai
TXN01020,100574,1334.54,12/4/2024,Debit,Amazon,Delhi
TXN01021,100574,4554.16,1/30/2025,Debit,IRCTC,Chennai
TXN01022,100574,6367.68,4/11/2025,Credit,PhonePe,Hyderabad
TXN01023,100574,9316.11,8/9/2024,Credit,PhonePe,Kolkata
TXN01024,100574,8515.37,5/30/2024,Credit,Amazon,Mumbai
TXN01025,100574,4406.37,12/27/2024,Debit,IRCTC,Bangalore
TXN01026,100574,1967.68,6/29/2024,Debit,PhonePe,Chennai
TXN01027,100574,9791.16,12/27/2024,Debit,Swiggy,Chennai
TXN01028,100672,5329.65,9/22/2024,Debit,Zomato,Bangalore
TXN01029,100672,4085.32,6/30/2024,Credit,Amazon,Jaipur
TXN01030,100115,2427.23,5/31/2024,Credit,IRCTC,Chennai
TXN01031,100115,9496.38,5/18/2025,Debit,Paytm,Kolkata
TXN01032,100115,2360.04,3/18/2025,Credit,Swiggy,Delhi
TXN01033,100115,9421.99,4/19/2025,Credit,IRCTC,Delhi
TXN01034,100115,2947.85,1/26/2025,Debit,Flipkart,Jaipur
TXN01035,100115,1066.82,1/6/2025,Debit,Zomato,Pune
TXN01036,100115,2446.74,12/21/2024,Debit,IRCTC,Kolkata
TXN01037,100115,9899.83,11/9/2024,Debit,Amazon,Kolkata
TXN01038,100115,9825.44,11/24/2024,Debit,Flipkart,Chennai
TXN01039,100115,5658.14,5/1/2025,Debit,Paytm,Jaipur
TXN01040,100890,7775.3,10/15/2024,Debit,Zomato,Hyderabad
TXN01041,100890,3155.03,1/31/2025,Credit,Zomato,Delhi
TXN01042,100890,8227.14,11/2/2024,Debit,PhonePe,Pune
TXN01043,100890,3778.37,12/31/2024,Credit,Paytm,Delhi
TXN01044,100890,2465.4,8/1/2024,Credit,Paytm,Bangalore
TXN01045,100890,9764.76,4/7/2025,Credit,IRCTC,Kolkata
TXN01046,100890,7169,1/11/2025,Debit,Google Pay,Jaipur
TXN01047,100890,4274.18,10/23/2024,Debit,IRCTC,Delhi
TXN01048,100198,2518.1,4/15/2025,Debit,IRCTC,Delhi
TXN01049,100198,4216.1,4/20/2025,Credit,Zomato,Hyderabad
TXN01050,100198,5024.51,12/20/2024,Credit,IRCTC,Hyderabad
TXN01051,100198,5275.83,1/15/2025,Debit,Swiggy,Chennai
TXN01052,100278,3237.12,1/2/2025,Credit,Swiggy,Jaipur
TXN01053,100278,5891.61,4/7/2025,Credit,PhonePe,Mumbai
TXN01054,100278,8605.71,2/28/2025,Debit,Zomato,Hyderabad
TXN01055,100278,1582.75,5/30/2024,Debit,Amazon,Mumbai
TXN01056,101018,5016.63,2/10/2025,Credit,Swiggy,Kolkata
TXN01057,101018,1495.7,6/12/2024,Debit,Flipkart,Hyderabad
TXN01058,100883,9398.93,10/25/2024,Credit,Amazon,Pune
TXN01059,100883,5816.66,12/1/2024,Credit,PhonePe,Jaipur
TXN01060,100883,9961.65,9/17/2024,Debit,Amazon,Mumbai
TXN01061,100883,6174.88,2/4/2025,Debit,PhonePe,Hyderabad
TXN01062,100883,9237.98,1/16/2025,Debit,IRCTC,Hyderabad
TXN01063,100883,6050.64,7/29/2024,Debit,Paytm,Chennai
TXN01064,100883,4850.66,4/14/2025,Debit,Flipkart,Kolkata
TXN01065,100469,6700.46,5/5/2025,Credit,Google Pay,Hyderabad
TXN01066,100469,8508.53,9/8/2024,Debit,IRCTC,Mumbai
TXN01067,100469,1226.29,5/7/2025,Debit,Google Pay,Jaipur
TXN01068,100469,2204,4/25/2025,Credit,Zomato,Pune
TXN01069,100469,5883.45,6/2/2024,Debit,PhonePe,Pune
TXN01070,100469,9692.87,6/13/2024,Debit,Flipkart,Delhi
TXN01071,100741,271.18,2/20/2025,Debit,Zomato,Hyderabad
TXN01072,100741,5515.4,5/1/2025,Credit,Amazon,Pune
TXN01073,100741,6523.99,7/1/2024,Credit,Swiggy,Jaipur
TXN01074,100741,7769.46,10/23/2024,Credit,Swiggy,Mumbai
TXN01075,100319,2007.1,8/31/2024,Debit,Paytm,Pune
TXN01076,100319,2356.19,9/16/2024,Credit,Amazon,Pune
TXN01077,100319,1540.82,3/12/2025,Credit,Amazon,Delhi
TXN01078,100319,788.42,1/9/2025,Debit,Paytm,Hyderabad
TXN01079,100319,3759.72,7/27/2024,Credit,Flipkart,Delhi
TXN01080,100507,2713.71,11/8/2024,Credit,Swiggy,Chennai
TXN01081,100507,6279.59,10/10/2024,Credit,Swiggy,Pune
TXN01082,100507,5381.82,8/28/2024,Debit,Swiggy,Delhi
TXN01083,100507,2241.13,8/21/2024,Credit,PhonePe,Chennai
TXN01084,100507,8893.18,1/9/2025,Credit,Amazon,Bangalore
TXN01085,100507,5053.79,8/12/2024,Credit,Swiggy,Kolkata
TXN01086,100507,585.38,4/29/2025,Credit,Flipkart,Bangalore
TXN01087,100507,4430.31,8/15/2024,Credit,PhonePe,Jaipur
TXN01088,100507,3450.01,5/18/2025,Debit,Zomato,Kolkata
TXN01089,100857,9851.98,9/7/2024,Credit,IRCTC,Chennai
TXN01090,100857,3102.07,6/18/2024,Debit,Paytm,Jaipur
TXN01091,100857,6570.77,12/17/2024,Credit,Swiggy,Pune
TXN01092,100857,1620.54,11/10/2024,Debit,Paytm,Kolkata
TXN01093,100857,2770.53,12/25/2024,Credit,Google Pay,Delhi
TXN01094,100467,5579.59,1/4/2025,Credit,IRCTC,Bangalore
TXN01095,100467,8907.62,8/6/2024,Credit,IRCTC,Jaipur
TXN01096,100467,4456.94,1/15/2025,Credit,Paytm,Delhi
TXN01097,100467,7799.13,6/22/2024,Credit,PhonePe,Hyderabad
TXN01098,100467,5707.25,4/15/2025,Credit,PhonePe,Bangalore
TXN01099,100467,5683.64,7/30/2024,Debit,Paytm,Mumbai
TXN01100,100467,6595.71,2/15/2025,Debit,PhonePe,Hyderabad
TXN01101,100467,7374.58,10/30/2024,Debit,Flipkart,Kolkata
TXN01102,100467,638.69,9/24/2024,Debit,PhonePe,Jaipur
TXN01103,100467,8424.64,2/27/2025,Debit,Google Pay,Bangalore
TXN01104,100594,7734.67,7/20/2024,Debit,Google Pay,Chennai
TXN01105,100594,5282.68,9/7/2024,Credit,IRCTC,Chennai
TXN01106,100594,4780.02,2/4/2025,Debit,IRCTC,Kolkata
TXN01107,100363,5661.93,3/25/2025,Credit,Amazon,Delhi
TXN01108,100363,3339.86,1/15/2025,Credit,IRCTC,Jaipur
TXN01109,100363,4153.49,2/23/2025,Credit,Flipkart,Hyderabad
TXN01110,100363,5388.92,7/27/2024,Credit,Google Pay,Chennai
TXN01111,100738,7258.99,5/6/2025,Credit,Google Pay,Chennai
TXN01112,100738,8597.77,12/27/2024,Credit,Zomato,Kolkata
TXN01113,100738,3579.88,10/2/2024,Credit,PhonePe,Pune
TXN01114,100738,2977.41,3/28/2025,Debit,Flipkart,Kolkata
TXN01115,101013,4076.76,3/20/2025,Debit,Zomato,Mumbai
TXN01116,101013,1169.32,8/26/2024,Credit,Zomato,Kolkata
TXN01117,101013,5123.01,11/5/2024,Debit,Google Pay,Bangalore
TXN01118,101013,7112.72,8/22/2024,Credit,Swiggy,Pune
TXN01119,100301,9357.96,12/24/2024,Credit,Flipkart,Jaipur
TXN01120,100301,571.8,9/23/2024,Credit,Swiggy,Bangalore
TXN01121,100301,5130.56,3/19/2025,Debit,Swiggy,Delhi
TXN01122,100301,6127.66,3/14/2025,Debit,IRCTC,Jaipur
TXN01123,100301,6741.36,10/21/2024,Debit,Amazon,Chennai
TXN01124,100301,1131.54,6/9/2024,Credit,Swiggy,Kolkata
TXN01125,100301,437.04,11/1/2024,Credit,Amazon,Hyderabad
TXN01126,100301,2212.59,1/30/2025,Credit,PhonePe,Chennai
TXN01127,101021,6009.06,1/30/2025,Debit,Amazon,Kolkata
TXN01128,101021,4965.02,11/1/2024,Debit,Paytm,Mumbai
TXN01129,101021,4444.07,1/10/2025,Debit,Paytm,Pune
TXN01130,101021,4069,3/13/2025,Credit,Zomato,Hyderabad
TXN01131,101021,4999.54,4/4/2025,Credit,Google Pay,Kolkata
TXN01132,101021,530.2,3/4/2025,Credit,PhonePe,Bangalore
TXN01133,101021,7592.94,11/22/2024,Credit,Flipkart,Kolkata
TXN01134,101021,4116.41,2/4/2025,Debit,Swiggy,Kolkata
TXN01135,100283,3596.13,8/15/2024,Debit,IRCTC,Pune
TXN01136,100283,5348.15,9/11/2024,Credit,Amazon,Jaipur
TXN01137,100283,3905.67,5/10/2025,Credit,IRCTC,Chennai
TXN01138,100283,8474.17,12/22/2024,Credit,Google Pay,Mumbai
TXN01139,100283,4720.12,6/19/2024,Debit,IRCTC,Hyderabad
TXN01140,100283,3834.3,10/22/2024,Debit,IRCTC,Mumbai
TXN01141,100283,2385.21,6/24/2024,Debit,Paytm,Delhi
TXN01142,100372,3164.87,6/7/2024,Credit,Google Pay,Pune
TXN01143,100372,6325.47,4/14/2025,Credit,PhonePe,Bangalore
TXN01144,100372,7784.55,3/8/2025,Credit,PhonePe,Kolkata
TXN01145,100372,7176.39,12/2/2024,Debit,Swiggy,Hyderabad
TXN01146,100372,3072.6,6/12/2024,Debit,PhonePe,Mumbai
TXN01147,100372,7362.53,11/29/2024,Debit,Swiggy,Hyderabad
TXN01148,100372,2257.88,3/17/2025,Debit,Swiggy,Chennai
TXN01149,100887,7566.58,5/15/2025,Credit,Zomato,Kolkata
TXN01150,100887,3211.71,7/25/2024,Credit,Flipkart,Pune
TXN01151,100887,2338.95,7/9/2024,Debit,PhonePe,Bangalore
TXN01152,100394,1709.85,10/8/2024,Credit,Zomato,Jaipur
TXN01153,100394,941.25,4/9/2025,Debit,Swiggy,Pune
TXN01154,100394,2260.52,10/9/2024,Credit,Paytm,Delhi
TXN01155,100394,4461.47,10/4/2024,Credit,Swiggy,Chennai
TXN01156,100394,956.47,10/21/2024,Debit,Zomato,Delhi
TXN01157,100394,2884.54,8/19/2024,Credit,Google Pay,Pune
TXN01158,100712,7386.5,7/28/2024,Debit,Amazon,Kolkata
TXN01159,100712,9589.94,6/14/2024,Credit,Swiggy,Chennai
TXN01160,100392,2015.52,8/17/2024,Credit,IRCTC,Mumbai
TXN01161,100392,1462.63,4/20/2025,Debit,Google Pay,Hyderabad
TXN01162,100392,208.26,10/28/2024,Debit,Swiggy,Hyderabad
TXN01163,100392,3911.15,3/23/2025,Debit,Swiggy,Chennai
TXN01164,100392,5082.48,6/24/2024,Debit,PhonePe,Kolkata
TXN01165,100392,1154.13,11/19/2024,Credit,IRCTC,Pune
TXN01166,100392,7870.89,8/26/2024,Credit,Amazon,Mumbai
TXN01167,100392,8792.19,10/9/2024,Debit,Amazon,Bangalore
TXN01168,100392,1125.89,3/23/2025,Debit,Google Pay,Bangalore
TXN01169,100727,910.62,4/13/2025,Debit,Google Pay,Jaipur
TXN01170,100727,8022.93,5/4/2025,Credit,Zomato,Kolkata
TXN01171,100727,1416.26,2/23/2025,Credit,Zomato,Pune
TXN01172,100030,1133.15,3/8/2025,Credit,Google Pay,Mumbai
TXN01173,100030,1322.43,9/13/2024,Credit,Paytm,Chennai
TXN01174,100030,3943.6,10/10/2024,Debit,IRCTC,Mumbai
TXN01175,100030,4466.64,12/26/2024,Debit,Paytm,Bangalore
TXN01176,100030,8771.7,8/27/2024,Debit,Zomato,Bangalore
TXN01177,100030,8044.75,2/26/2025,Debit,Zomato,Jaipur
TXN01178,100835,3152.49,6/23/2024,Debit,PhonePe,Bangalore
TXN01179,100835,3358.57,3/2/2025,Debit,Swiggy,Chennai
TXN01180,100835,3162.02,3/29/2025,Debit,IRCTC,Delhi
TXN01181,100835,1591.75,8/19/2024,Credit,Swiggy,Hyderabad
TXN01182,100835,586.96,7/18/2024,Debit,Google Pay,Kolkata
TXN01183,100835,1999.5,10/20/2024,Credit,IRCTC,Delhi
TXN01184,100835,9307.42,2/2/2025,Credit,Amazon,Hyderabad
TXN01185,100835,2981.79,6/17/2024,Debit,Google Pay,Mumbai
TXN01186,100800,2571.88,10/3/2024,Debit,PhonePe,Kolkata
TXN01187,100800,5722.66,8/14/2024,Credit,Google Pay,Kolkata
TXN01188,100800,9294.2,5/29/2024,Debit,Google Pay,Delhi
TXN01189,100800,4921.94,1/11/2025,Debit,Swiggy,Hyderabad
TXN01190,100800,1416.93,8/17/2024,Debit,Paytm,Kolkata
TXN01191,100800,5080.1,2/21/2025,Debit,PhonePe,Bangalore
TXN01192,100800,5164.51,11/17/2024,Credit,PhonePe,Jaipur
TXN01193,100800,4298.33,1/17/2025,Debit,IRCTC,Mumbai
TXN01194,100800,7892.9,9/18/2024,Credit,Google Pay,Jaipur
TXN01195,100932,2128.24,11/14/2024,Debit,Google Pay,Jaipur
TXN01196,100968,8095.78,4/25/2025,Debit,Zomato,Delhi
TXN01197,100156,2035.02,11/24/2024,Debit,PhonePe,Kolkata
TXN01198,100293,9463.29,3/29/2025,Debit,Google Pay,Pune
TXN01199,100244,9916.44,11/8/2024,Credit,Paytm,Delhi
TXN01200,100501,8237.44,8/3/2024,Credit,Google Pay,Delhi
TXN01201,100231,2833.81,9/26/2024,Debit,Zomato,Delhi
TXN01202,100580,5417.46,9/22/2024,Credit,Google Pay,Kolkata
TXN01203,100184,4851.82,2/18/2025,Credit,Google Pay,Kolkata
TXN01204,100946,3691.35,1/16/2025,Debit,Google Pay,Hyderabad
TXN01205,100274,1976.51,3/23/2025,Debit,Google Pay,Mumbai
TXN01206,100279,6693.91,4/5/2025,Debit,Google Pay,Delhi
TXN01207,100471,2935.77,12/12/2024,Debit,Google Pay,Mumbai
TXN01208,100530,5782.04,4/5/2025,Credit,PhonePe,Hyderabad
TXN01209,100845,6705.83,7/17/2024,Credit,Paytm,Delhi
TXN01210,100205,2071.14,7/4/2024,Credit,PhonePe,Hyderabad
TXN01211,100677,6758.01,10/27/2024,Debit,Flipkart,Pune
TXN01212,100263,2572.34,9/27/2024,Credit,PhonePe,Bangalore
TXN01213,100604,3136.41,4/6/2025,Credit,Flipkart,Bangalore
TXN01214,100947,1750.87,6/23/2024,Debit,Google Pay,Kolkata
TXN01215,100429,4049.12,8/17/2024,Debit,Amazon,Jaipur
TXN01216,100440,7635.6,6/8/2024,Debit,Swiggy,Pune
TXN01217,100527,8431.5,9/8/2024,Debit,Zomato,Mumbai
TXN01218,100227,7785.85,8/9/2024,Credit,Swiggy,Hyderabad
TXN01219,100153,4411.7,4/8/2025,Credit,Flipkart,Chennai
TXN01220,100047,4247.49,1/4/2025,Debit,Amazon,Pune
TXN01221,100421,3639.55,5/19/2024,Debit,IRCTC,Hyderabad
TXN01222,100028,867.71,11/15/2024,Debit,Flipkart,Jaipur
TXN01223,100886,739.41,1/22/2025,Debit,Flipkart,Bangalore
TXN01224,100843,7338.31,12/22/2024,Credit,PhonePe,Kolkata
TXN01225,100102,9519.98,9/24/2024,Debit,Swiggy,Hyderabad
TXN01226,100919,1777.35,4/16/2025,Credit,IRCTC,Delhi
TXN01227,100630,7248.15,1/25/2025,Credit,Google Pay,Jaipur
TXN01228,100790,9064.24,12/14/2024,Debit,IRCTC,Pune
TXN01229,100551,2016.37,12/17/2024,Credit,Google Pay,Pune
TXN01230,100366,3227.12,6/29/2024,Credit,PhonePe,Pune
TXN01231,100166,3945.69,8/2/2024,Credit,PhonePe,Delhi
TXN01232,100382,6220.6,3/11/2025,Debit,Swiggy,Mumbai
TXN01233,100187,6020.54,11/16/2024,Debit,Google Pay,Hyderabad
TXN01234,100058,7151.78,2/1/2025,Credit,PhonePe,Hyderabad
TXN01235,100401,621.36,6/29/2024,Credit,PhonePe,Mumbai
TXN01236,100390,4105.9,3/6/2025,Debit,Swiggy,Jaipur
TXN01237,100792,3914.17,7/11/2024,Credit,Zomato,Hyderabad
TXN01238,100025,1052.25,9/9/2024,Credit,IRCTC,Delhi
TXN01239,100420,7378.52,2/17/2025,Debit,Paytm,Bangalore
TXN01240,100422,7590.12,10/6/2024,Debit,Amazon,Mumbai
TXN01241,100424,5324.82,10/10/2024,Credit,Flipkart,Kolkata
TXN01242,100426,8611.81,7/10/2024,Debit,Amazon,Jaipur
TXN01243,100435,7493.81,9/10/2024,Debit,Zomato,Delhi
TXN01244,100438,4096.91,5/7/2025,Debit,Amazon,Mumbai
TXN01245,100439,6874.55,6/27/2024,Credit,IRCTC,Kolkata
TXN01246,100441,7645.73,7/21/2024,Credit,IRCTC,Pune
TXN01247,100446,8694.25,3/18/2025,Debit,IRCTC,Kolkata
TXN01248,100447,9056.58,6/10/2024,Credit,IRCTC,Kolkata
TXN01249,100448,1158.62,1/13/2025,Credit,PhonePe,Delhi
TXN01250,100454,8095.7,9/5/2024,Credit,Swiggy,Bangalore
TXN01251,100457,101.41,12/27/2024,Credit,PhonePe,Delhi
TXN01252,100458,1229.91,4/8/2025,Credit,Amazon,Kolkata
TXN01253,100462,7616.36,2/19/2025,Credit,Swiggy,Mumbai
TXN01254,100466,7187.83,12/19/2024,Debit,Flipkart,Mumbai
TXN01255,100468,8106.58,5/26/2024,Credit,Zomato,Mumbai
TXN01256,100329,9046.52,2/9/2025,Credit,IRCTC,Pune
TXN01257,100196,4400.39,3/9/2025,Debit,Zomato,Chennai
TXN01258,100480,1068.56,3/9/2025,Credit,Zomato,Mumbai
TXN01259,100779,415.13,12/22/2024,Credit,Paytm,Bangalore
