customer_id,feedback_id,feedback_type,feedback_rating,issue_category,resolved,response_time_days,submitted_on,feedback_text
100176,5000,Suggestion,3,Credit Card,No,7,3/15/2025,Situation who north adult civil fly sister or guess watch.
100300,5001,Complaint,2,Account Issue,No,14,3/7/2025,Cover today loss too audience deep personal not group PM student at.
100348,5002,Suggestion,5,Transaction,No,9,2/1/2025,Without network stage if as future right story.
100784,5003,Complaint,2,Transaction,Yes,7,2/6/2025,About pull son when talk everything.
100813,5004,Complaint,2,Loan,Yes,6,2/10/2025,Consumer several mention cell stay your.
100904,5005,Query,4,Account Issue,Yes,9,2/22/2025,Past herself character evidence next listen.
100207,5006,Complaint,1,Account Issue,Yes,4,3/13/2025,Line program coach but government analysis improve.
100936,5007,Complaint,4,Account Issue,No,5,12/21/2024,Condition lot another plan its type.
100291,5008,Complaint,1,Customer Service,No,13,1/1/2025,Medical practice letter free.
100863,5009,Query,5,Customer Service,No,15,1/21/2025,Order happy determine marriage give bar.
100740,5010,Query,3,Loan,No,16,12/5/2024,Responsibility product on these rock you fill true determine rich nearly.
100737,5011,Complaint,5,Customer Service,Yes,8,1/10/2025,Drive whether catch free campaign audience local clearly.
100509,5012,Complaint,4,Credit Card,No,13,3/13/2025,Necessary break class plan home country figure.
100537,5013,Query,3,Transaction,No,8,1/26/2025,Religious nearly score put myself participant place friend degree computer dark.
100822,5014,Praise,4,Transaction,Yes,8,5/6/2025,Discuss school art country necessary example.
100046,5015,Complaint,2,Mobile App,Yes,8,4/12/2025,Far behavior sometimes morning bit character.
100795,5016,Complaint,4,Customer Service,Yes,4,12/25/2024,Choice record environmental station up radio able enough west.
100222,5017,Complaint,2,Transaction,No,20,4/23/2025,Religious case after thought reduce you step lose.
100124,5018,Suggestion,5,Transaction,Yes,2,2/8/2025,Important foot kitchen number commercial.
100699,5019,Complaint,1,Transaction,Yes,9,4/20/2025,Focus notice party window its fund arm various.
100159,5020,Complaint,5,Mobile App,Yes,6,1/23/2025,Reach first action oil key piece identify worker under language project matter memory.
100915,5021,Praise,3,Account Issue,Yes,8,3/20/2025,Spring wall song my new through now senior trip seat.
100042,5022,Suggestion,1,Mobile App,Yes,6,2/14/2025,Change high make result discussion style benefit.
100190,5023,Complaint,4,Mobile App,No,5,3/16/2025,Beautiful activity water happy feel live.
100414,5024,Query,3,Account Issue,Yes,9,3/22/2025,President begin great view back worker.
100808,5025,Query,1,Loan,No,8,4/26/2025,While affect reach tonight tough.
100786,5026,Complaint,2,Account Issue,Yes,9,4/13/2025,Against type once pass speech statement.
100770,5027,Suggestion,2,Loan,Yes,7,5/9/2025,Politics leader well give lead blue drop easy.
100700,5028,Query,4,Customer Service,Yes,4,2/25/2025,Such dinner former management seven goal education record evening.
100145,5029,Complaint,2,Mobile App,No,20,2/19/2025,Society manage peace somebody inside lawyer seek.
100671,5030,Complaint,3,Account Issue,No,8,3/12/2025,Until young kid take score long chair message baby reveal how.
100896,5031,Praise,5,Credit Card,No,8,12/28/2024,Have person however successful set center right.
100062,5032,Complaint,3,Customer Service,No,10,4/20/2025,Treatment find financial scientist someone improve loss.
100126,5033,Complaint,1,Transaction,No,9,5/6/2025,Cut popular if cover attention high against maybe science piece.
100583,5034,Complaint,1,Customer Service,Yes,7,3/16/2025,Ten star hot old possible left use too add from.
100230,5035,Suggestion,5,Mobile App,No,10,3/6/2025,Mouth fall address strong send.
100831,5036,Query,4,Credit Card,Yes,8,2/15/2025,Summer national stage image.
100426,5037,Suggestion,4,Account Issue,No,20,4/22/2025,Bag before which once place since professor none explain happen American along.
100328,5038,Suggestion,1,Mobile App,No,5,12/22/2024,Production around court just technology.
100590,5039,Praise,1,Mobile App,No,14,1/25/2025,Training peace next think protect concern claim stage message work knowledge boy fire statement first civil.
100489,5040,Query,1,Loan,Yes,8,3/17/2025,Her plant leg system material.
100424,5041,Suggestion,5,Customer Service,Yes,9,2/6/2025,Economy clear there order difficult best four television doctor might car rather.
100796,5042,Complaint,3,Credit Card,No,14,3/12/2025,Walk attorney upon far.
100517,5043,Complaint,1,Mobile App,No,6,12/18/2024,Herself amount class indicate hope direction item system reveal.
100130,5044,Praise,5,Mobile App,Yes,3,12/21/2024,Live ever movie especially.
100144,5045,Complaint,1,Account Issue,No,9,5/5/2025,Keep place throughout choice stage father.
100429,5046,Praise,2,Credit Card,No,16,4/10/2025,Perhaps spend discover white exist next record.
100317,5047,Query,5,Account Issue,Yes,2,12/30/2024,Pm religious add onto system travel ask.
100092,5048,Complaint,4,Account Issue,Yes,6,4/9/2025,Foot of radio wide when detail.
100571,5049,Complaint,4,Account Issue,Yes,9,3/31/2025,Mother actually truth.
100724,5050,Complaint,3,Mobile App,Yes,2,11/21/2024,Speak high PM election bring professional discuss nation everything page green.
100261,5051,Complaint,1,Customer Service,Yes,10,1/26/2025,Laugh free although boy better risk test become without forward campaign believe their.
100579,5052,Complaint,5,Credit Card,Yes,6,3/20/2025,Tell science develop reach ahead edge.
100474,5053,Suggestion,4,Credit Card,Yes,9,3/3/2025,Perform place choose note pattern born down bad difference low.
100189,5054,Query,3,Credit Card,No,20,5/17/2025,State let only big.
100259,5055,Suggestion,3,Loan,No,8,3/13/2025,White you student free low PM maybe away memory focus.
100953,5056,Complaint,4,Account Issue,Yes,3,3/4/2025,Stage measure prove growth purpose approach.
100158,5057,Complaint,3,Account Issue,No,18,2/4/2025,Successful purpose method office product claim station necessary floor here street tax.
100886,5058,Query,4,Customer Service,Yes,6,12/2/2024,According however approach pretty with although finally suggest response whole everybody visit town western receive when.
100283,5059,Complaint,1,Transaction,No,17,12/26/2024,Analysis wear local management remain our world final.
100211,5060,Praise,2,Transaction,Yes,6,4/2/2025,Ever shake government speech base skin national child yard.
100624,5061,Complaint,2,Credit Card,No,19,5/7/2025,Reason it man determine rule ahead letter team.
100922,5062,Complaint,5,Credit Card,No,14,2/15/2025,Want run commercial record career trade magazine without evidence strategy.
100049,5063,Complaint,3,Mobile App,Yes,4,12/28/2024,Lay article dark small economic area ability president.
100251,5064,Suggestion,5,Transaction,Yes,7,12/24/2024,Daughter wonder send leg lot behavior.
100791,5065,Complaint,1,Customer Service,Yes,8,2/7/2025,Word discuss collection factor build risk ten.
100409,5066,Complaint,2,Mobile App,Yes,3,12/27/2024,Require traditional fire shoulder public plant fire student.
100607,5067,Complaint,4,Transaction,No,7,4/19/2025,Suggest happy above recent at conference present.
100219,5068,Query,1,Loan,Yes,7,4/8/2025,Hit difficult dream behavior appear until decide.
100723,5069,Complaint,2,Customer Service,Yes,9,1/1/2025,Who model time.
100463,5070,Complaint,3,Loan,No,17,1/11/2025,Top leave prepare decide discover TV.
100177,5071,Complaint,3,Mobile App,Yes,4,2/21/2025,Program mention pretty price who something.
100070,5072,Complaint,4,Customer Service,No,12,5/4/2025,Official stage whatever thus body soon bit staff that.
100597,5073,Suggestion,2,Loan,No,6,5/7/2025,Edge same seven shoulder stage approach scene.
100102,5074,Suggestion,1,Credit Card,No,13,2/1/2025,Fight office democratic group big themselves family bill forward brother leader knowledge form.
100557,5075,Complaint,2,Loan,No,14,1/10/2025,Describe against much executive season according audience base begin test guess state indicate.
100493,5076,Complaint,5,Account Issue,No,18,1/5/2025,Compare low enough section thousand design market improve people person attack various.
100850,5077,Praise,2,Credit Card,Yes,9,12/4/2024,Majority industry democratic behavior seat little call evening.
100418,5078,Praise,5,Customer Service,No,12,3/1/2025,Industry hot pressure form look.
100075,5079,Complaint,4,Loan,No,8,2/19/2025,Everyone reason bring leave.
100949,5080,Complaint,3,Customer Service,No,9,1/27/2025,Particularly identify degree audience deep also.
100120,5081,Praise,4,Credit Card,Yes,6,3/25/2025,Necessary without think.
100751,5082,Complaint,5,Mobile App,Yes,8,1/3/2025,Fire institution question line space.
100234,5083,Query,3,Account Issue,No,17,2/7/2025,Score short question list knowledge hand notice.
100649,5084,Complaint,2,Mobile App,No,7,4/21/2025,North fear song can decision how pattern partner floor nation.
100127,5085,Query,1,Customer Service,Yes,5,12/23/2024,Beautiful year increase much.
100535,5086,Query,1,Customer Service,Yes,2,2/3/2025,Realize others there particularly realize adult go.
100202,5087,Suggestion,4,Loan,Yes,4,2/27/2025,Keep also consider federal certain.
100654,5088,Complaint,4,Credit Card,No,19,12/15/2024,Who point board direction strong by less.
100656,5089,Complaint,1,Mobile App,No,18,4/13/2025,Edge enough use relate shake.
100797,5090,Complaint,1,Credit Card,Yes,9,4/18/2025,Meeting our language threat what thus east.
100785,5091,Complaint,2,Customer Service,No,9,3/3/2025,None money few someone yet benefit soon ever once both.
100468,5092,Complaint,3,Credit Card,Yes,5,3/15/2025,White certain than writer cut answer interesting different.
100179,5093,Complaint,3,Loan,No,9,1/25/2025,Agreement like American special claim treat type Mrs.
100490,5094,Complaint,4,Transaction,No,10,2/2/2025,Money another billion morning teach season billion maybe interesting.
100210,5095,Complaint,3,Credit Card,No,14,1/16/2025,Institution enjoy land fish finally defense choice matter rock attack seven worry represent.
100498,5096,Query,4,Loan,Yes,10,2/2/2025,Ball civil decision ability statement miss positive western.
100839,5097,Complaint,4,Loan,No,12,2/8/2025,Compare on who hit interview debate need however mission investment light.
100819,5098,Complaint,1,Account Issue,Yes,2,11/20/2024,Develop evening stand crime claim resource run tax down.
100847,5099,Complaint,4,Mobile App,Yes,5,3/29/2025,Knowledge change available return.
100713,5100,Complaint,5,Loan,Yes,5,12/26/2024,Stay think walk little they young.
100714,5101,Complaint,1,Credit Card,Yes,1,12/6/2024,Culture understand move voice sit change theory firm fear final discuss.
100715,5102,Suggestion,1,Credit Card,No,17,1/5/2025,Edge sort who account.
100716,5103,Query,2,Customer Service,No,13,3/22/2025,Speak drive to myself board east bar push describe public reduce author tend future lose.
100717,5104,Complaint,4,Loan,Yes,7,3/22/2025,Between close myself represent stay worker.
100718,5105,Complaint,3,Credit Card,Yes,8,5/8/2025,Well star many teacher reduce break guy.
100719,5106,Suggestion,2,Loan,Yes,6,2/2/2025,Notice table business source.
100720,5107,Praise,3,Customer Service,No,14,1/19/2025,New them art spring.
100721,5108,Complaint,3,Mobile App,No,7,2/3/2025,Under administration billion little.
100722,5109,Complaint,1,Customer Service,No,20,1/5/2025,Office information perhaps purpose.
100723,5110,Query,5,Loan,No,13,3/5/2025,Natural shoulder each staff piece Democrat minute.
100724,5111,Complaint,5,Transaction,No,16,3/25/2025,Would true career administration business safe clear easy college region north raise difference make beautiful.
100725,5112,Query,2,Customer Service,No,18,11/22/2024,Thus vote artist here claim size.
100726,5113,Complaint,3,Customer Service,No,8,2/9/2025,Ask hold up very however business difference speak stand section require owner man.
100727,5114,Suggestion,5,Mobile App,No,14,1/3/2025,Significant officer ten act war time body.
100728,5115,Suggestion,2,Customer Service,Yes,2,2/14/2025,Public two world money must early hold.
100729,5116,Query,2,Mobile App,No,19,3/10/2025,Hospital area me book range itself nature age.
100730,5117,Complaint,4,Transaction,Yes,4,12/24/2024,Get fight list investment ready lead democratic successful future Democrat operation option design.
100731,5118,Complaint,4,Account Issue,No,19,4/9/2025,Perhaps laugh reality they score future test debate many plan several draw.
100732,5119,Complaint,4,Customer Service,Yes,7,3/18/2025,Wind radio big large language list forget sense section well another.
100733,5120,Complaint,2,Customer Service,Yes,9,11/22/2024,Choose season chance.
100819,5121,Complaint,2,Mobile App,No,18,12/27/2024,Cup simply shoulder worker people.
100820,5122,Complaint,2,Account Issue,No,16,11/20/2024,Audience coach employee various goal senior.
100821,5123,Praise,1,Account Issue,No,14,11/30/2024,Deal whom eye nice American across own.
100822,5124,Query,3,Customer Service,No,10,11/24/2024,Analysis others standard American morning coach yet discover as before part.
100823,5125,Query,2,Mobile App,No,17,1/28/2025,Consumer major hot value arrive mention collection.
100824,5126,Query,1,Account Issue,Yes,3,2/20/2025,Admit when yourself important church group perhaps ahead likely idea.
100825,5127,Suggestion,5,Account Issue,No,16,12/17/2024,Bill study bed on this hour effort social together position administration age.
100826,5128,Complaint,4,Credit Card,No,5,4/24/2025,There beyond phone city deep suffer.
100827,5129,Query,5,Mobile App,Yes,8,11/24/2024,One page role century always audience election sport cost room finish either seven.
100828,5130,Query,2,Customer Service,Yes,10,2/6/2025,Man majority style buy data point might two participant tree yard civil role.
100829,5131,Complaint,3,Account Issue,Yes,1,1/19/2025,Past move something.
100830,5132,Complaint,3,Mobile App,Yes,2,1/12/2025,Out light out not allow.
100831,5133,Query,5,Mobile App,Yes,2,12/26/2024,Reason against community scientist body probably child cold listen moment around.
100832,5134,Complaint,5,Loan,No,18,12/11/2024,School enough ready six simply within somebody mission simple.
100833,5135,Complaint,5,Loan,No,9,11/26/2024,Police someone office former they able organization cause college.
100834,5136,Query,4,Credit Card,No,18,12/10/2024,Add should bed sort determine note until role participant music door resource fire determine big.
100835,5137,Complaint,3,Credit Card,Yes,2,1/15/2025,Financial they can.
100836,5138,Complaint,1,Credit Card,Yes,6,3/17/2025,Tree worker feeling century staff thus safe none wind serve wonder similar there.
100956,5139,Complaint,4,Customer Service,No,20,12/19/2024,Suffer network dog fact politics spend call style interest condition them let itself four.
100959,5140,Complaint,4,Account Issue,No,20,3/22/2025,Sound least yes radio.
100960,5141,Query,2,Mobile App,No,12,2/22/2025,Last important coach career night sister effort Congress rather.
100967,5142,Suggestion,4,Transaction,No,20,12/28/2024,South down party pressure lose hold bit single beyond wide front.
100969,5143,Query,4,Transaction,Yes,4,11/29/2024,Pretty pull build box economic young truth.
100970,5144,Complaint,5,Transaction,No,13,5/12/2025,International research well a remember.
100971,5145,Suggestion,3,Credit Card,Yes,8,4/5/2025,Public suggest beyond let heavy party that daughter discover reduce term blue seat style beyond.
100972,5146,Suggestion,1,Transaction,Yes,1,3/13/2025,Soldier world others perhaps up expect perform learn write.
100974,5147,Complaint,1,Mobile App,No,9,3/22/2025,Production go on all very car pull.
100976,5148,Query,3,Mobile App,Yes,7,12/8/2024,Within style page class structure bit hour.
100978,5149,Query,2,Customer Service,Yes,1,2/22/2025,Teacher moment number discussion exactly sense sort medical camera.
100980,5150,Complaint,1,Credit Card,No,5,5/8/2025,Cause north single have true sense newspaper but.
100982,5151,Suggestion,3,Credit Card,No,8,4/11/2025,Analysis pattern visit deal song per lay reach growth project environment.
100983,5152,Complaint,4,Credit Card,Yes,6,4/26/2025,Senior adult suddenly arm his effort easy.
100987,5153,Praise,5,Credit Card,No,20,5/3/2025,Someone last account who through pick.
100988,5154,Query,4,Credit Card,Yes,1,5/12/2025,Cause author scientist may alone and practice military vote affect.
100995,5155,Praise,5,Customer Service,No,10,1/31/2025,Watch activity ball serious nice top music consumer.
100999,5156,Complaint,1,Mobile App,No,11,12/29/2024,Account nor too no fine rather current study.
101003,5157,Query,5,Transaction,No,10,2/19/2025,Cultural hope across country ahead.
101005,5158,Suggestion,3,Mobile App,Yes,1,1/22/2025,Body increase source participant dark clear sense husband benefit not democratic together between good.
101008,5159,Suggestion,5,Credit Card,Yes,9,2/14/2025,Trouble may news course as now beyond.
101009,5160,Complaint,3,Customer Service,Yes,10,2/9/2025,Capital law religious evidence even hour single.
101011,5161,Suggestion,4,Credit Card,Yes,5,5/5/2025,Produce add like around decide change table huge create after ball.
101022,5162,Praise,2,Customer Service,Yes,7,2/13/2025,Many art draw purpose every base glass already participant office popular.
100704,5163,Complaint,5,Account Issue,No,18,3/24/2025,Here let I should huge forward board senior culture language would.
100706,5164,Praise,4,Mobile App,Yes,8,2/11/2025,Thousand future write have factor either traditional reach.
100708,5165,Complaint,5,Transaction,Yes,9,12/1/2024,Green life her the enjoy painting notice southern fall behind whatever note north.
100710,5166,Query,5,Customer Service,Yes,3,5/16/2025,Allow student and whose government main structure weight nothing administration.
100711,5167,Complaint,2,Loan,Yes,7,12/18/2024,Site between generation not candidate study score return apply now room computer similar finish.
100712,5168,Query,5,Account Issue,Yes,2,12/6/2024,Break though whom attack choice attention have both game.
100713,5169,Complaint,4,Account Issue,No,11,2/17/2025,Beat seven task soon if he magazine century goal.
100714,5170,Suggestion,2,Mobile App,Yes,9,4/8/2025,Future produce resource teacher machine fish recently tough campaign lead surface.
100716,5171,Complaint,3,Loan,Yes,2,5/15/2025,These hard say reach defense national who society.
100722,5172,Complaint,1,Transaction,No,15,12/9/2024,Peace choice window their sea push person first.
100723,5173,Praise,3,Customer Service,Yes,8,12/3/2024,Support price recent theory thank article season leg picture.
100727,5174,Complaint,5,Loan,Yes,9,4/22/2025,Coach scientist half notice boy picture light expect arrive surface low.
100729,5175,Praise,1,Customer Service,Yes,1,4/18/2025,Professional stay nice will simply difference will continue.
100730,5176,Suggestion,1,Transaction,Yes,9,5/10/2025,Politics mouth final perform player city consider sound industry.
100731,5177,Praise,3,Credit Card,Yes,2,3/19/2025,Public financial ability least coach eight.
100733,5178,Query,3,Credit Card,No,17,3/20/2025,Room fast or say yet significant think since source.
100734,5179,Complaint,3,Loan,Yes,4,2/6/2025,Note now child first kind radio wide product open fight score evidence believe including.
100735,5180,Suggestion,3,Mobile App,Yes,5,11/25/2024,Black why and lawyer our respond early.
100738,5181,Suggestion,5,Credit Card,No,7,4/19/2025,Talk into social mother task until.
100739,5182,Complaint,4,Transaction,Yes,1,1/2/2025,Machine lead become.
100740,5183,Praise,5,Account Issue,No,18,3/19/2025,Large southern clear tree research game.
100745,5184,Complaint,4,Account Issue,No,12,12/19/2024,Point compare in drive peace responsibility whom speech young color real there.
100746,5185,Complaint,4,Loan,No,15,1/2/2025,Focus local simple life game service budget score down.
100747,5186,Suggestion,3,Transaction,No,15,2/2/2025,Yard act field try home alone offer here.
100751,5187,Complaint,1,Loan,No,5,1/19/2025,Body growth card control believe author.
100758,5188,Query,3,Customer Service,Yes,5,3/23/2025,Tv born break interesting she drug might I usually account window.
100759,5189,Query,5,Mobile App,Yes,6,5/15/2025,Method find remain drop firm environmental generation word call.
100764,5190,Suggestion,1,Account Issue,No,14,5/15/2025,Mrs policy war catch manage over million participant camera.
100765,5191,Suggestion,1,Account Issue,No,5,4/19/2025,Bad usually environment various gun piece wrong both.
100768,5192,Complaint,5,Customer Service,Yes,2,1/12/2025,Increase great fall should hand lose bill health.
100771,5193,Complaint,4,Customer Service,Yes,8,12/6/2024,Should education generation good artist adult who trouble knowledge use road life focus.
100772,5194,Complaint,2,Mobile App,Yes,3,5/15/2025,Must sell phone treatment maintain we western skill wind yourself community medical Republican food.
100774,5195,Complaint,4,Credit Card,Yes,7,5/12/2025,Final picture across organization south son Mr physical here.
100777,5196,Query,1,Credit Card,No,18,12/3/2024,Prepare size design doctor fill budget better wrong trade quality street consumer use law anyone.
100781,5197,Suggestion,5,Account Issue,Yes,4,4/19/2025,Use entire blue need high place.
100788,5198,Complaint,4,Credit Card,No,9,11/25/2024,Build choice surface letter tree set travel threat sea want recent win religious.
100791,5199,Query,1,Account Issue,Yes,7,5/6/2025,Instead spend nothing teach citizen.
100793,5200,Query,1,Account Issue,No,17,12/14/2024,Bank tough store customer interesting good oil its lead.
100794,5201,Complaint,5,Account Issue,Yes,3,2/23/2025,What it rock policy on somebody still.
100795,5202,Complaint,3,Account Issue,No,11,12/14/2024,Interesting certain media rest near stuff.
100796,5203,Query,3,Customer Service,Yes,9,4/27/2025,Direction need it staff goal nice stage.
100797,5204,Complaint,2,Transaction,Yes,3,3/28/2025,Account red sound save skin idea party without bar poor second bed.
100798,5205,Suggestion,4,Account Issue,No,19,11/28/2024,Suffer including somebody single company table religious year animal watch read.
100802,5206,Query,4,Credit Card,Yes,3,12/19/2024,There else miss win send go.
100803,5207,Complaint,1,Transaction,Yes,1,1/17/2025,Another claim voice always word choice senior.
100804,5208,Suggestion,1,Loan,No,16,3/28/2025,Idea value clearly add war family.
100805,5209,Complaint,1,Customer Service,No,13,12/21/2024,Coach kitchen rate risk green yard agency first process end far player physical.
100806,5210,Suggestion,5,Customer Service,No,16,4/28/2025,Wife attack treat population hotel race mention threat of body sing under.
100807,5211,Complaint,1,Customer Service,No,18,12/30/2024,Size eat adult nearly area help.
100808,5212,Praise,5,Loan,No,9,5/9/2025,Right threat large dream then final water.
100813,5213,Complaint,4,Account Issue,Yes,10,1/5/2025,Itself take music eight degree person study away scene own food.
100814,5214,Complaint,3,Transaction,No,7,4/3/2025,Policy financial seem black.
100815,5215,Suggestion,4,Account Issue,Yes,7,1/12/2025,Back drop military today fall begin hard.
100819,5216,Complaint,4,Customer Service,Yes,4,12/11/2024,Cell themselves general however reach happy impact avoid accept near produce through down reality.
100822,5217,Suggestion,1,Credit Card,No,12,4/15/2025,End customer fund as product move environment.
100828,5218,Complaint,3,Credit Card,Yes,2,2/22/2025,Rather involve company paper college prepare view per.
100831,5219,Complaint,2,Loan,Yes,6,3/27/2025,Likely growth nice reveal case night can people health pay dream let such head show he.
100832,5220,Complaint,5,Mobile App,Yes,9,4/11/2025,Necessary cup process artist Congress compare.
100836,5221,Complaint,1,Customer Service,Yes,6,4/2/2025,Cause test official hope require risk especially though.
100837,5222,Complaint,5,Loan,Yes,2,4/3/2025,Despite prepare seven protect success charge president management into.
100838,5223,Query,3,Account Issue,No,5,3/25/2025,Me shoulder star course large.
100844,5224,Complaint,1,Loan,Yes,6,5/12/2025,How everybody fear property treatment live level serve.
100846,5225,Complaint,3,Mobile App,Yes,7,4/13/2025,After career score already establish.
100851,5226,Suggestion,3,Mobile App,No,20,3/7/2025,Fire yourself war individual.
100855,5227,Complaint,4,Customer Service,Yes,10,1/11/2025,With claim health today serious affect project you we exactly forget this statement manager build.
100860,5228,Complaint,1,Transaction,Yes,5,12/24/2024,Certain suffer idea look.
100863,5229,Complaint,1,Loan,No,16,4/15/2025,Behind south summer feeling task top off care.
100864,5230,Query,2,Transaction,Yes,9,4/15/2025,Decade policy according young I environmental street street now may.
100868,5231,Query,2,Transaction,No,7,1/21/2025,Contain area race thus best general firm always strong.
100870,5232,Complaint,2,Loan,Yes,5,3/8/2025,Those current keep south lawyer throughout house individual production old result already successful.
100874,5233,Suggestion,1,Transaction,Yes,6,2/22/2025,Bill I environment either must democratic.
100875,5234,Complaint,5,Account Issue,Yes,1,3/3/2025,Small page experience must.
100877,5235,Praise,2,Transaction,Yes,4,1/26/2025,Image base step program stand physical try leg west.
100878,5236,Complaint,1,Transaction,No,14,5/11/2025,Trial agency machine fund police leg.
100879,5237,Suggestion,5,Mobile App,Yes,2,3/5/2025,How partner system accept begin report avoid color happen health.
100882,5238,Complaint,1,Mobile App,No,11,1/30/2025,Nearly back beat consumer business value.
100889,5239,Query,1,Mobile App,Yes,8,1/15/2025,Have several Republican film.
100893,5240,Complaint,3,Transaction,No,8,3/2/2025,Consider later him capital military rather add beautiful matter.
100895,5241,Complaint,5,Customer Service,No,8,5/7/2025,Life defense couple throw sense firm maintain.
100903,5242,Complaint,3,Credit Card,No,7,4/24/2025,Beat during including easy in.
100905,5243,Query,4,Transaction,No,19,3/12/2025,Sea event Congress business series firm recognize.
100908,5244,Suggestion,4,Mobile App,Yes,6,3/2/2025,Together move once ahead really.
100913,5245,Complaint,1,Transaction,Yes,2,5/7/2025,Voice west to heavy some hope discussion method college specific where remain camera anything theory.
100915,5246,Query,2,Loan,No,9,4/8/2025,International speak player owner local exist.
100917,5247,Query,2,Credit Card,No,14,3/28/2025,Onto local including almost reality range shoulder office artist.
100918,5248,Complaint,1,Mobile App,No,12,5/3/2025,Contain deal force concern girl officer long past civil born.
100922,5249,Query,4,Loan,No,19,1/31/2025,Wife goal sport recently outside speech without itself together then among trial Congress.
